SPREFID,USUBJID,BWORRES,BWORRESU,BWDY,trial_set_description,SEX
T105000-6,T105000-6-0007,162,g,-6,Control,M
T105000-6,T105000-6-0007,205,g,2,Control,M
T105000-6,T105000-6-0007,214,g,3,Control,M
T105000-6,T105000-6-0007,222,g,4,Control,M
T105000-6,T105000-6-0007,205,g,1,Control,M
T105000-6,T105000-6-0007,269,g,12,Control,M
T105000-6,T105000-6-0007,294,g,16,Control,M
T105000-6,T105000-6-0007,257,g,9,Control,M
T105000-6,T105000-6-0007,296,g,17,Control,M
T105000-6,T105000-6-0007,304,g,18,Control,M
T105000-6,T105000-6-0007,323,g,27,Control,M
T105000-6,T105000-6-0007,261,g,10,Control,M
T105000-6,T105000-6-0007,302,g,19,Control,M
T105000-6,T105000-6-0007,303,g,23,Control,M
T105000-6,T105000-6-0007,312.266,g,29,Control,M
T105000-6,T105000-6-0007,301,g,20,Control,M
T105000-6,T105000-6-0007,312,g,24,Control,M
T105000-6,T105000-6-0007,332,g,29,Control,M
T105000-6,T105000-6-0007,306,g,21,Control,M
T105000-6,T105000-6-0007,317,g,25,Control,M
T105000-6,T105000-6-0007,320,g,28,Control,M
T105000-6,T105000-6-0007,289,g,22,Control,M
T105000-6,T105000-6-0007,319,g,26,Control,M
T105000-6,T105000-6-0007,229,g,5,Control,M
T105000-6,T105000-6-0007,277,g,13,Control,M
T105000-6,T105000-6-0007,234,g,6,Control,M
T105000-6,T105000-6-0007,282,g,14,Control,M
T105000-6,T105000-6-0007,242,g,7,Control,M
T105000-6,T105000-6-0007,249,g,8,Control,M
T105000-6,T105000-6-0007,284,g,15,Control,M
T105000-6,T105000-6-0007,268,g,11,Control,M
T105000-6,T105000-6-0010,176,g,-6,Control,M
T105000-6,T105000-6-0010,214,g,2,Control,M
T105000-6,T105000-6-0010,218,g,3,Control,M
T105000-6,T105000-6-0010,223,g,4,Control,M
T105000-6,T105000-6-0010,211,g,1,Control,M
T105000-6,T105000-6-0010,266,g,12,Control,M
T105000-6,T105000-6-0010,281,g,16,Control,M
T105000-6,T105000-6-0010,250,g,9,Control,M
T105000-6,T105000-6-0010,284,g,17,Control,M
T105000-6,T105000-6-0010,290,g,18,Control,M
T105000-6,T105000-6-0010,302,g,27,Control,M
T105000-6,T105000-6-0010,253,g,10,Control,M
T105000-6,T105000-6-0010,288,g,19,Control,M
T105000-6,T105000-6-0010,292,g,23,Control,M
T105000-6,T105000-6-0010,306,g,29,Control,M
T105000-6,T105000-6-0010,304.391,g,29,Control,M
T105000-6,T105000-6-0010,293,g,20,Control,M
T105000-6,T105000-6-0010,297,g,24,Control,M
T105000-6,T105000-6-0010,296,g,21,Control,M
T105000-6,T105000-6-0010,295,g,25,Control,M
T105000-6,T105000-6-0010,305,g,28,Control,M
T105000-6,T105000-6-0010,272,g,22,Control,M
T105000-6,T105000-6-0010,299,g,26,Control,M
T105000-6,T105000-6-0010,229,g,5,Control,M
T105000-6,T105000-6-0010,265,g,13,Control,M
T105000-6,T105000-6-0010,232,g,6,Control,M
T105000-6,T105000-6-0010,269,g,14,Control,M
T105000-6,T105000-6-0010,239,g,7,Control,M
T105000-6,T105000-6-0010,244,g,8,Control,M
T105000-6,T105000-6-0010,275,g,15,Control,M
T105000-6,T105000-6-0010,257,g,11,Control,M
T105000-6,T105000-6-0014,164,g,-6,Dose group 1,M
T105000-6,T105000-6-0014,200,g,2,Dose group 1,M
T105000-6,T105000-6-0014,208,g,3,Dose group 1,M
T105000-6,T105000-6-0014,215,g,4,Dose group 1,M
T105000-6,T105000-6-0014,201,g,1,Dose group 1,M
T105000-6,T105000-6-0014,256,g,12,Dose group 1,M
T105000-6,T105000-6-0014,238,g,9,Dose group 1,M
T105000-6,T105000-6-0014,270,g,16,Dose group 1,M
T105000-6,T105000-6-0014,274,g,17,Dose group 1,M
T105000-6,T105000-6-0014,281,g,18,Dose group 1,M
T105000-6,T105000-6-0014,288,g,27,Dose group 1,M
T105000-6,T105000-6-0014,247,g,10,Dose group 1,M
T105000-6,T105000-6-0014,278,g,19,Dose group 1,M
T105000-6,T105000-6-0014,279,g,23,Dose group 1,M
T105000-6,T105000-6-0014,290,g,29,Dose group 1,M
T105000-6,T105000-6-0014,279.717,g,29,Dose group 1,M
T105000-6,T105000-6-0014,281,g,20,Dose group 1,M
T105000-6,T105000-6-0014,281,g,24,Dose group 1,M
T105000-6,T105000-6-0014,279,g,21,Dose group 1,M
T105000-6,T105000-6-0014,284,g,25,Dose group 1,M
T105000-6,T105000-6-0014,288,g,28,Dose group 1,M
T105000-6,T105000-6-0014,258,g,22,Dose group 1,M
T105000-6,T105000-6-0014,286,g,26,Dose group 1,M
T105000-6,T105000-6-0014,220,g,5,Dose group 1,M
T105000-6,T105000-6-0014,259,g,13,Dose group 1,M
T105000-6,T105000-6-0014,226,g,6,Dose group 1,M
T105000-6,T105000-6-0014,263,g,14,Dose group 1,M
T105000-6,T105000-6-0014,230,g,7,Dose group 1,M
T105000-6,T105000-6-0014,266,g,15,Dose group 1,M
T105000-6,T105000-6-0014,240,g,8,Dose group 1,M
T105000-6,T105000-6-0014,254,g,11,Dose group 1,M
T105000-6,T105000-6-0019,165,g,-6,Dose group 1,M
T105000-6,T105000-6-0019,199,g,2,Dose group 1,M
T105000-6,T105000-6-0019,207,g,3,Dose group 1,M
T105000-6,T105000-6-0019,217,g,4,Dose group 1,M
T105000-6,T105000-6-0019,203,g,1,Dose group 1,M
T105000-6,T105000-6-0019,280,g,16,Dose group 1,M
T105000-6,T105000-6-0019,284,g,17,Dose group 1,M
T105000-6,T105000-6-0019,248,g,9,Dose group 1,M
T105000-6,T105000-6-0019,289,g,18,Dose group 1,M
T105000-6,T105000-6-0019,308,g,27,Dose group 1,M
T105000-6,T105000-6-0019,255,g,10,Dose group 1,M
T105000-6,T105000-6-0019,291,g,19,Dose group 1,M
T105000-6,T105000-6-0019,297,g,23,Dose group 1,M
T105000-6,T105000-6-0019,312,g,29,Dose group 1,M
T105000-6,T105000-6-0019,303.376,g,29,Dose group 1,M
T105000-6,T105000-6-0019,293,g,20,Dose group 1,M
T105000-6,T105000-6-0019,295,g,24,Dose group 1,M
T105000-6,T105000-6-0019,291,g,21,Dose group 1,M
T105000-6,T105000-6-0019,305,g,25,Dose group 1,M
T105000-6,T105000-6-0019,307,g,28,Dose group 1,M
T105000-6,T105000-6-0019,277,g,22,Dose group 1,M
T105000-6,T105000-6-0019,305,g,26,Dose group 1,M
T105000-6,T105000-6-0019,221,g,5,Dose group 1,M
T105000-6,T105000-6-0019,262,g,12,Dose group 1,M
T105000-6,T105000-6-0019,268,g,13,Dose group 1,M
T105000-6,T105000-6-0019,227,g,6,Dose group 1,M
T105000-6,T105000-6-0019,272,g,14,Dose group 1,M
T105000-6,T105000-6-0019,236,g,7,Dose group 1,M
T105000-6,T105000-6-0019,275,g,15,Dose group 1,M
T105000-6,T105000-6-0019,246,g,8,Dose group 1,M
T105000-6,T105000-6-0019,263,g,11,Dose group 1,M
T105000-6,T105000-6-0047,185,g,1,Control,F
T105000-6,T105000-6-0047,184,g,2,Control,F
T105000-6,T105000-6-0047,188,g,3,Control,F
T105000-6,T105000-6-0047,189,g,4,Control,F
T105000-6,T105000-6-0047,175,g,-6,Control,F
T105000-6,T105000-6-0047,200,g,15,Control,F
T105000-6,T105000-6-0047,201,g,16,Control,F
T105000-6,T105000-6-0047,187,g,9,Control,F
T105000-6,T105000-6-0047,198,g,17,Control,F
T105000-6,T105000-6-0047,206,g,18,Control,F
T105000-6,T105000-6-0047,206,g,22,Control,F
T105000-6,T105000-6-0047,213,g,27,Control,F
T105000-6,T105000-6-0047,197,g,10,Control,F
T105000-6,T105000-6-0047,205,g,19,Control,F
T105000-6,T105000-6-0047,197,g,23,Control,F
T105000-6,T105000-6-0047,206,g,20,Control,F
T105000-6,T105000-6-0047,210,g,28,Control,F
T105000-6,T105000-6-0047,205,g,24,Control,F
T105000-6,T105000-6-0047,204,g,29,Control,F
T105000-6,T105000-6-0047,207.565,g,30,Control,F
T105000-6,T105000-6-0047,200,g,21,Control,F
T105000-6,T105000-6-0047,197,g,25,Control,F
T105000-6,T105000-6-0047,200,g,12,Control,F
T105000-6,T105000-6-0047,210,g,26,Control,F
T105000-6,T105000-6-0047,184,g,5,Control,F
T105000-6,T105000-6-0047,194,g,13,Control,F
T105000-6,T105000-6-0047,189,g,6,Control,F
T105000-6,T105000-6-0047,202,g,14,Control,F
T105000-6,T105000-6-0047,197,g,7,Control,F
T105000-6,T105000-6-0047,195,g,8,Control,F
T105000-6,T105000-6-0047,201,g,11,Control,F
T105000-6,T105000-6-0023,173,g,-6,Dose group 2,M
T105000-6,T105000-6-0023,209,g,2,Dose group 2,M
T105000-6,T105000-6-0023,209,g,3,Dose group 2,M
T105000-6,T105000-6-0023,214,g,4,Dose group 2,M
T105000-6,T105000-6-0023,209,g,1,Dose group 2,M
T105000-6,T105000-6-0023,270,g,16,Dose group 2,M
T105000-6,T105000-6-0023,244,g,9,Dose group 2,M
T105000-6,T105000-6-0023,272,g,17,Dose group 2,M
T105000-6,T105000-6-0023,279,g,18,Dose group 2,M
T105000-6,T105000-6-0023,284,g,27,Dose group 2,M
T105000-6,T105000-6-0023,251,g,10,Dose group 2,M
T105000-6,T105000-6-0023,280,g,19,Dose group 2,M
T105000-6,T105000-6-0023,274,g,23,Dose group 2,M
T105000-6,T105000-6-0023,287,g,29,Dose group 2,M
T105000-6,T105000-6-0023,277.499,g,29,Dose group 2,M
T105000-6,T105000-6-0023,278,g,20,Dose group 2,M
T105000-6,T105000-6-0023,275,g,24,Dose group 2,M
T105000-6,T105000-6-0023,275,g,21,Dose group 2,M
T105000-6,T105000-6-0023,280,g,25,Dose group 2,M
T105000-6,T105000-6-0023,284,g,28,Dose group 2,M
T105000-6,T105000-6-0023,258,g,22,Dose group 2,M
T105000-6,T105000-6-0023,286,g,26,Dose group 2,M
T105000-6,T105000-6-0023,221,g,5,Dose group 2,M
T105000-6,T105000-6-0023,261,g,12,Dose group 2,M
T105000-6,T105000-6-0023,264,g,13,Dose group 2,M
T105000-6,T105000-6-0023,230,g,6,Dose group 2,M
T105000-6,T105000-6-0023,264,g,14,Dose group 2,M
T105000-6,T105000-6-0023,236,g,7,Dose group 2,M
T105000-6,T105000-6-0023,267,g,15,Dose group 2,M
T105000-6,T105000-6-0023,237,g,8,Dose group 2,M
T105000-6,T105000-6-0023,260,g,11,Dose group 2,M
T105000-6,T105000-6-0063,203,g,1,Dose group 2,F
T105000-6,T105000-6-0063,198,g,4,Dose group 2,F
T105000-6,T105000-6-0063,197,g,2,Dose group 2,F
T105000-6,T105000-6-0063,201,g,3,Dose group 2,F
T105000-6,T105000-6-0063,186,g,-6,Dose group 2,F
T105000-6,T105000-6-0063,223,g,11,Dose group 2,F
T105000-6,T105000-6-0063,233,g,15,Dose group 2,F
T105000-6,T105000-6-0063,208,g,8,Dose group 2,F
T105000-6,T105000-6-0063,229,g,16,Dose group 2,F
T105000-6,T105000-6-0063,238,g,17,Dose group 2,F
T105000-6,T105000-6-0063,216,g,9,Dose group 2,F
T105000-6,T105000-6-0063,237,g,18,Dose group 2,F
T105000-6,T105000-6-0063,240,g,22,Dose group 2,F
T105000-6,T105000-6-0063,245,g,27,Dose group 2,F
T105000-6,T105000-6-0063,239,g,19,Dose group 2,F
T105000-6,T105000-6-0063,232,g,23,Dose group 2,F
T105000-6,T105000-6-0063,252,g,29,Dose group 2,F
T105000-6,T105000-6-0063,242.716,g,30,Dose group 2,F
T105000-6,T105000-6-0063,243,g,28,Dose group 2,F
T105000-6,T105000-6-0063,241,g,20,Dose group 2,F
T105000-6,T105000-6-0063,239,g,24,Dose group 2,F
T105000-6,T105000-6-0063,242,g,21,Dose group 2,F
T105000-6,T105000-6-0063,241,g,25,Dose group 2,F
T105000-6,T105000-6-0063,242,g,26,Dose group 2,F
T105000-6,T105000-6-0063,200,g,5,Dose group 2,F
T105000-6,T105000-6-0063,221,g,12,Dose group 2,F
T105000-6,T105000-6-0063,229,g,13,Dose group 2,F
T105000-6,T105000-6-0063,209,g,6,Dose group 2,F
T105000-6,T105000-6-0063,236,g,14,Dose group 2,F
T105000-6,T105000-6-0063,206,g,7,Dose group 2,F
T105000-6,T105000-6-0063,224,g,10,Dose group 2,F
T105000-6,T105000-6-0016,192,g,-6,Dose group 1,M
T105000-6,T105000-6-0016,216,g,2,Dose group 1,M
T105000-6,T105000-6-0016,223,g,3,Dose group 1,M
T105000-6,T105000-6-0016,231,g,4,Dose group 1,M
T105000-6,T105000-6-0016,223,g,1,Dose group 1,M
T105000-6,T105000-6-0016,256,g,12,Dose group 1,M
T105000-6,T105000-6-0016,251,g,9,Dose group 1,M
T105000-6,T105000-6-0016,272,g,16,Dose group 1,M
T105000-6,T105000-6-0016,272,g,17,Dose group 1,M
T105000-6,T105000-6-0016,280,g,18,Dose group 1,M
T105000-6,T105000-6-0016,286,g,27,Dose group 1,M
T105000-6,T105000-6-0016,252,g,10,Dose group 1,M
T105000-6,T105000-6-0016,281,g,19,Dose group 1,M
T105000-6,T105000-6-0016,278,g,23,Dose group 1,M
T105000-6,T105000-6-0016,289,g,29,Dose group 1,M
T105000-6,T105000-6-0016,278.631,g,29,Dose group 1,M
T105000-6,T105000-6-0016,281,g,20,Dose group 1,M
T105000-6,T105000-6-0016,280,g,24,Dose group 1,M
T105000-6,T105000-6-0016,277,g,21,Dose group 1,M
T105000-6,T105000-6-0016,287,g,25,Dose group 1,M
T105000-6,T105000-6-0016,285,g,28,Dose group 1,M
T105000-6,T105000-6-0016,267,g,22,Dose group 1,M
T105000-6,T105000-6-0016,287,g,26,Dose group 1,M
T105000-6,T105000-6-0016,231,g,5,Dose group 1,M
T105000-6,T105000-6-0016,261,g,13,Dose group 1,M
T105000-6,T105000-6-0016,232,g,6,Dose group 1,M
T105000-6,T105000-6-0016,265,g,14,Dose group 1,M
T105000-6,T105000-6-0016,242,g,7,Dose group 1,M
T105000-6,T105000-6-0016,267,g,15,Dose group 1,M
T105000-6,T105000-6-0016,244,g,8,Dose group 1,M
T105000-6,T105000-6-0016,259,g,11,Dose group 1,M
T105000-6,T105000-6-0026,163,g,-6,Dose group 2,M
T105000-6,T105000-6-0026,205,g,2,Dose group 2,M
T105000-6,T105000-6-0026,209,g,3,Dose group 2,M
T105000-6,T105000-6-0026,217,g,4,Dose group 2,M
T105000-6,T105000-6-0026,205,g,1,Dose group 2,M
T105000-6,T105000-6-0026,288,g,16,Dose group 2,M
T105000-6,T105000-6-0026,248,g,9,Dose group 2,M
T105000-6,T105000-6-0026,293,g,17,Dose group 2,M
T105000-6,T105000-6-0026,306,g,18,Dose group 2,M
T105000-6,T105000-6-0026,322,g,27,Dose group 2,M
T105000-6,T105000-6-0026,278,g,22,Dose group 2,M
T105000-6,T105000-6-0026,253,g,10,Dose group 2,M
T105000-6,T105000-6-0026,304,g,19,Dose group 2,M
T105000-6,T105000-6-0026,304,g,23,Dose group 2,M
T105000-6,T105000-6-0026,332,g,29,Dose group 2,M
T105000-6,T105000-6-0026,316.872,g,29,Dose group 2,M
T105000-6,T105000-6-0026,308,g,20,Dose group 2,M
T105000-6,T105000-6-0026,309,g,24,Dose group 2,M
T105000-6,T105000-6-0026,304,g,21,Dose group 2,M
T105000-6,T105000-6-0026,311,g,25,Dose group 2,M
T105000-6,T105000-6-0026,325,g,28,Dose group 2,M
T105000-6,T105000-6-0026,318,g,26,Dose group 2,M
T105000-6,T105000-6-0026,220,g,5,Dose group 2,M
T105000-6,T105000-6-0026,264,g,12,Dose group 2,M
T105000-6,T105000-6-0026,226,g,6,Dose group 2,M
T105000-6,T105000-6-0026,273,g,13,Dose group 2,M
T105000-6,T105000-6-0026,280,g,14,Dose group 2,M
T105000-6,T105000-6-0026,236,g,7,Dose group 2,M
T105000-6,T105000-6-0026,286,g,15,Dose group 2,M
T105000-6,T105000-6-0026,244,g,8,Dose group 2,M
T105000-6,T105000-6-0026,263,g,11,Dose group 2,M
T105000-6,T105000-6-0056,193,g,1,Dose group 1,F
T105000-6,T105000-6-0056,190,g,2,Dose group 1,F
T105000-6,T105000-6-0056,194,g,4,Dose group 1,F
T105000-6,T105000-6-0056,193,g,3,Dose group 1,F
T105000-6,T105000-6-0056,176,g,-6,Dose group 1,F
T105000-6,T105000-6-0056,213,g,11,Dose group 1,F
T105000-6,T105000-6-0056,223,g,15,Dose group 1,F
T105000-6,T105000-6-0056,207,g,8,Dose group 1,F
T105000-6,T105000-6-0056,223,g,16,Dose group 1,F
T105000-6,T105000-6-0056,210,g,9,Dose group 1,F
T105000-6,T105000-6-0056,226,g,17,Dose group 1,F
T105000-6,T105000-6-0056,224,g,18,Dose group 1,F
T105000-6,T105000-6-0056,228,g,22,Dose group 1,F
T105000-6,T105000-6-0056,239,g,27,Dose group 1,F
T105000-6,T105000-6-0056,230,g,19,Dose group 1,F
T105000-6,T105000-6-0056,219,g,23,Dose group 1,F
T105000-6,T105000-6-0056,242,g,29,Dose group 1,F
T105000-6,T105000-6-0056,230.085,g,30,Dose group 1,F
T105000-6,T105000-6-0056,238,g,28,Dose group 1,F
T105000-6,T105000-6-0056,230,g,20,Dose group 1,F
T105000-6,T105000-6-0056,234,g,24,Dose group 1,F
T105000-6,T105000-6-0056,231,g,21,Dose group 1,F
T105000-6,T105000-6-0056,234,g,25,Dose group 1,F
T105000-6,T105000-6-0056,217,g,12,Dose group 1,F
T105000-6,T105000-6-0056,228,g,26,Dose group 1,F
T105000-6,T105000-6-0056,197,g,5,Dose group 1,F
T105000-6,T105000-6-0056,220,g,13,Dose group 1,F
T105000-6,T105000-6-0056,197,g,6,Dose group 1,F
T105000-6,T105000-6-0056,214,g,14,Dose group 1,F
T105000-6,T105000-6-0056,204,g,7,Dose group 1,F
T105000-6,T105000-6-0056,203,g,10,Dose group 1,F
T105000-6,T105000-6-0080,,,,Dose group 3,F
T105000-6,T105000-6-0080,189,g,1,Dose group 3,F
T105000-6,T105000-6-0080,180,g,2,Dose group 3,F
T105000-6,T105000-6-0080,178,g,3,Dose group 3,F
T105000-6,T105000-6-0080,182,g,4,Dose group 3,F
T105000-6,T105000-6-0080,175,g,-6,Dose group 3,F
T105000-6,T105000-6-0080,184,g,5,Dose group 3,F
T105000-6,T105000-6-0003,166,g,-6,Control,M
T105000-6,T105000-6-0003,201,g,2,Control,M
T105000-6,T105000-6-0003,210,g,3,Control,M
T105000-6,T105000-6-0003,217,g,4,Control,M
T105000-6,T105000-6-0003,218,g,5,Control,M
T105000-6,T105000-6-0003,200,g,1,Control,M
T105000-6,T105000-6-0003,253,g,12,Control,M
T105000-6,T105000-6-0003,273,g,16,Control,M
T105000-6,T105000-6-0003,243,g,9,Control,M
T105000-6,T105000-6-0003,278,g,17,Control,M
T105000-6,T105000-6-0003,282,g,18,Control,M
T105000-6,T105000-6-0003,305,g,27,Control,M
T105000-6,T105000-6-0003,245,g,10,Control,M
T105000-6,T105000-6-0003,306,g,28,Control,M
T105000-6,T105000-6-0003,284,g,19,Control,M
T105000-6,T105000-6-0003,288,g,23,Control,M
T105000-6,T105000-6-0003,286,g,20,Control,M
T105000-6,T105000-6-0003,292,g,24,Control,M
T105000-6,T105000-6-0003,312,g,29,Control,M
T105000-6,T105000-6-0003,302.571,g,29,Control,M
T105000-6,T105000-6-0003,285,g,21,Control,M
T105000-6,T105000-6-0003,295,g,25,Control,M
T105000-6,T105000-6-0003,266,g,22,Control,M
T105000-6,T105000-6-0003,301,g,26,Control,M
T105000-6,T105000-6-0003,262,g,13,Control,M
T105000-6,T105000-6-0003,225,g,6,Control,M
T105000-6,T105000-6-0003,232,g,7,Control,M
T105000-6,T105000-6-0003,264,g,14,Control,M
T105000-6,T105000-6-0003,267,g,15,Control,M
T105000-6,T105000-6-0003,239,g,8,Control,M
T105000-6,T105000-6-0003,253,g,11,Control,M
T105000-6,T105000-6-0038,172,g,-6,Dose group 3,M
T105000-6,T105000-6-0038,293,g,30,Dose group 3,M
T105000-6,T105000-6-0038,210,g,1,Dose group 3,M
T105000-6,T105000-6-0038,208,g,2,Dose group 3,M
T105000-6,T105000-6-0038,207,g,3,Dose group 3,M
T105000-6,T105000-6-0038,209,g,4,Dose group 3,M
T105000-6,T105000-6-0038,276,g,16,Dose group 3,M
T105000-6,T105000-6-0038,240,g,9,Dose group 3,M
T105000-6,T105000-6-0038,278,g,17,Dose group 3,M
T105000-6,T105000-6-0038,287,g,18,Dose group 3,M
T105000-6,T105000-6-0038,272,g,22,Dose group 3,M
T105000-6,T105000-6-0038,291,g,27,Dose group 3,M
T105000-6,T105000-6-0038,244,g,10,Dose group 3,M
T105000-6,T105000-6-0038,288,g,19,Dose group 3,M
T105000-6,T105000-6-0038,280,g,23,Dose group 3,M
T105000-6,T105000-6-0038,289,g,20,Dose group 3,M
T105000-6,T105000-6-0038,276,g,24,Dose group 3,M
T105000-6,T105000-6-0038,296,g,29,Dose group 3,M
T105000-6,T105000-6-0038,262.647,g,31,Dose group 3,M
T105000-6,T105000-6-0038,286,g,21,Dose group 3,M
T105000-6,T105000-6-0038,290,g,25,Dose group 3,M
T105000-6,T105000-6-0038,291,g,28,Dose group 3,M
T105000-6,T105000-6-0038,209,g,5,Dose group 3,M
T105000-6,T105000-6-0038,258,g,12,Dose group 3,M
T105000-6,T105000-6-0038,289,g,26,Dose group 3,M
T105000-6,T105000-6-0038,215,g,6,Dose group 3,M
T105000-6,T105000-6-0038,264,g,13,Dose group 3,M
T105000-6,T105000-6-0038,223,g,7,Dose group 3,M
T105000-6,T105000-6-0038,268,g,14,Dose group 3,M
T105000-6,T105000-6-0038,272,g,15,Dose group 3,M
T105000-6,T105000-6-0038,230,g,8,Dose group 3,M
T105000-6,T105000-6-0038,256,g,11,Dose group 3,M
T105000-6,T105000-6-0048,177,g,1,Control,F
T105000-6,T105000-6-0048,176,g,2,Control,F
T105000-6,T105000-6-0048,173,g,3,Control,F
T105000-6,T105000-6-0048,178,g,4,Control,F
T105000-6,T105000-6-0048,154,g,-6,Control,F
T105000-6,T105000-6-0048,186,g,11,Control,F
T105000-6,T105000-6-0048,191,g,15,Control,F
T105000-6,T105000-6-0048,197,g,16,Control,F
T105000-6,T105000-6-0048,190,g,9,Control,F
T105000-6,T105000-6-0048,201,g,17,Control,F
T105000-6,T105000-6-0048,202,g,18,Control,F
T105000-6,T105000-6-0048,204,g,22,Control,F
T105000-6,T105000-6-0048,203,g,27,Control,F
T105000-6,T105000-6-0048,190,g,10,Control,F
T105000-6,T105000-6-0048,196,g,19,Control,F
T105000-6,T105000-6-0048,191,g,23,Control,F
T105000-6,T105000-6-0048,210,g,28,Control,F
T105000-6,T105000-6-0048,206,g,20,Control,F
T105000-6,T105000-6-0048,204,g,24,Control,F
T105000-6,T105000-6-0048,216,g,29,Control,F
T105000-6,T105000-6-0048,210.952,g,30,Control,F
T105000-6,T105000-6-0048,205,g,21,Control,F
T105000-6,T105000-6-0048,205,g,25,Control,F
T105000-6,T105000-6-0048,194,g,12,Control,F
T105000-6,T105000-6-0048,206,g,26,Control,F
T105000-6,T105000-6-0048,180,g,5,Control,F
T105000-6,T105000-6-0048,193,g,13,Control,F
T105000-6,T105000-6-0048,184,g,6,Control,F
T105000-6,T105000-6-0048,197,g,14,Control,F
T105000-6,T105000-6-0048,180,g,7,Control,F
T105000-6,T105000-6-0048,187,g,8,Control,F
T105000-6,T105000-6-0009,167,g,-6,Control,M
T105000-6,T105000-6-0009,204,g,2,Control,M
T105000-6,T105000-6-0009,214,g,3,Control,M
T105000-6,T105000-6-0009,217,g,4,Control,M
T105000-6,T105000-6-0009,203,g,1,Control,M
T105000-6,T105000-6-0009,255,g,12,Control,M
T105000-6,T105000-6-0009,263,g,16,Control,M
T105000-6,T105000-6-0009,243,g,9,Control,M
T105000-6,T105000-6-0009,266,g,17,Control,M
T105000-6,T105000-6-0009,271,g,18,Control,M
T105000-6,T105000-6-0009,273,g,27,Control,M
T105000-6,T105000-6-0009,249,g,10,Control,M
T105000-6,T105000-6-0009,270,g,19,Control,M
T105000-6,T105000-6-0009,268,g,23,Control,M
T105000-6,T105000-6-0009,281,g,29,Control,M
T105000-6,T105000-6-0009,270.28,g,29,Control,M
T105000-6,T105000-6-0009,270,g,20,Control,M
T105000-6,T105000-6-0009,270,g,24,Control,M
T105000-6,T105000-6-0009,268,g,21,Control,M
T105000-6,T105000-6-0009,268,g,25,Control,M
T105000-6,T105000-6-0009,278,g,28,Control,M
T105000-6,T105000-6-0009,257,g,22,Control,M
T105000-6,T105000-6-0009,271,g,26,Control,M
T105000-6,T105000-6-0009,222,g,5,Control,M
T105000-6,T105000-6-0009,256,g,13,Control,M
T105000-6,T105000-6-0009,229,g,6,Control,M
T105000-6,T105000-6-0009,259,g,14,Control,M
T105000-6,T105000-6-0009,234,g,7,Control,M
T105000-6,T105000-6-0009,240,g,8,Control,M
T105000-6,T105000-6-0009,261,g,15,Control,M
T105000-6,T105000-6-0009,254,g,11,Control,M
T105000-6,T105000-6-0018,173,g,-6,Dose group 1,M
T105000-6,T105000-6-0018,209,g,2,Dose group 1,M
T105000-6,T105000-6-0018,219,g,3,Dose group 1,M
T105000-6,T105000-6-0018,225,g,4,Dose group 1,M
T105000-6,T105000-6-0018,210,g,1,Dose group 1,M
T105000-6,T105000-6-0018,257,g,9,Dose group 1,M
T105000-6,T105000-6-0018,288,g,16,Dose group 1,M
T105000-6,T105000-6-0018,293,g,17,Dose group 1,M
T105000-6,T105000-6-0018,298,g,18,Dose group 1,M
T105000-6,T105000-6-0018,310,g,27,Dose group 1,M
T105000-6,T105000-6-0018,257,g,10,Dose group 1,M
T105000-6,T105000-6-0018,297,g,19,Dose group 1,M
T105000-6,T105000-6-0018,294,g,23,Dose group 1,M
T105000-6,T105000-6-0018,314,g,29,Dose group 1,M
T105000-6,T105000-6-0018,297.659,g,29,Dose group 1,M
T105000-6,T105000-6-0018,297,g,20,Dose group 1,M
T105000-6,T105000-6-0018,300,g,24,Dose group 1,M
T105000-6,T105000-6-0018,298,g,21,Dose group 1,M
T105000-6,T105000-6-0018,303,g,25,Dose group 1,M
T105000-6,T105000-6-0018,311,g,28,Dose group 1,M
T105000-6,T105000-6-0018,281,g,22,Dose group 1,M
T105000-6,T105000-6-0018,305,g,26,Dose group 1,M
T105000-6,T105000-6-0018,231,g,5,Dose group 1,M
T105000-6,T105000-6-0018,271,g,12,Dose group 1,M
T105000-6,T105000-6-0018,278,g,13,Dose group 1,M
T105000-6,T105000-6-0018,236,g,6,Dose group 1,M
T105000-6,T105000-6-0018,279,g,14,Dose group 1,M
T105000-6,T105000-6-0018,245,g,7,Dose group 1,M
T105000-6,T105000-6-0018,284,g,15,Dose group 1,M
T105000-6,T105000-6-0018,250,g,8,Dose group 1,M
T105000-6,T105000-6-0018,268,g,11,Dose group 1,M
T105000-6,T105000-6-0022,175,g,-6,Dose group 2,M
T105000-6,T105000-6-0022,213,g,2,Dose group 2,M
T105000-6,T105000-6-0022,223,g,3,Dose group 2,M
T105000-6,T105000-6-0022,229,g,4,Dose group 2,M
T105000-6,T105000-6-0022,212,g,1,Dose group 2,M
T105000-6,T105000-6-0022,302,g,16,Dose group 2,M
T105000-6,T105000-6-0022,263,g,9,Dose group 2,M
T105000-6,T105000-6-0022,306,g,17,Dose group 2,M
T105000-6,T105000-6-0022,313,g,18,Dose group 2,M
T105000-6,T105000-6-0022,334,g,27,Dose group 2,M
T105000-6,T105000-6-0022,270,g,10,Dose group 2,M
T105000-6,T105000-6-0022,316,g,19,Dose group 2,M
T105000-6,T105000-6-0022,318,g,23,Dose group 2,M
T105000-6,T105000-6-0022,344,g,29,Dose group 2,M
T105000-6,T105000-6-0022,332.352,g,29,Dose group 2,M
T105000-6,T105000-6-0022,318,g,20,Dose group 2,M
T105000-6,T105000-6-0022,322,g,24,Dose group 2,M
T105000-6,T105000-6-0022,317,g,21,Dose group 2,M
T105000-6,T105000-6-0022,332,g,25,Dose group 2,M
T105000-6,T105000-6-0022,341,g,28,Dose group 2,M
T105000-6,T105000-6-0022,304,g,22,Dose group 2,M
T105000-6,T105000-6-0022,330,g,26,Dose group 2,M
T105000-6,T105000-6-0022,237,g,5,Dose group 2,M
T105000-6,T105000-6-0022,282,g,12,Dose group 2,M
T105000-6,T105000-6-0022,286,g,13,Dose group 2,M
T105000-6,T105000-6-0022,242,g,6,Dose group 2,M
T105000-6,T105000-6-0022,292,g,14,Dose group 2,M
T105000-6,T105000-6-0022,252,g,7,Dose group 2,M
T105000-6,T105000-6-0022,296,g,15,Dose group 2,M
T105000-6,T105000-6-0022,261,g,8,Dose group 2,M
T105000-6,T105000-6-0022,277,g,11,Dose group 2,M
T105000-6,T105000-6-0041,177,g,-6,Control,F
T105000-6,T105000-6-0041,190,g,1,Control,F
T105000-6,T105000-6-0041,189,g,2,Control,F
T105000-6,T105000-6-0041,193,g,3,Control,F
T105000-6,T105000-6-0041,194,g,4,Control,F
T105000-6,T105000-6-0041,211,g,16,Control,F
T105000-6,T105000-6-0041,195,g,9,Control,F
T105000-6,T105000-6-0041,206,g,17,Control,F
T105000-6,T105000-6-0041,214,g,18,Control,F
T105000-6,T105000-6-0041,216,g,22,Control,F
T105000-6,T105000-6-0041,220,g,27,Control,F
T105000-6,T105000-6-0041,206,g,10,Control,F
T105000-6,T105000-6-0041,215,g,19,Control,F
T105000-6,T105000-6-0041,206,g,23,Control,F
T105000-6,T105000-6-0041,221,g,20,Control,F
T105000-6,T105000-6-0041,217,g,24,Control,F
T105000-6,T105000-6-0041,215,g,29,Control,F
T105000-6,T105000-6-0041,214.301,g,30,Control,F
T105000-6,T105000-6-0041,211,g,21,Control,F
T105000-6,T105000-6-0041,211,g,25,Control,F
T105000-6,T105000-6-0041,223,g,28,Control,F
T105000-6,T105000-6-0041,191,g,5,Control,F
T105000-6,T105000-6-0041,206,g,12,Control,F
T105000-6,T105000-6-0041,220,g,26,Control,F
T105000-6,T105000-6-0041,203,g,13,Control,F
T105000-6,T105000-6-0041,198,g,6,Control,F
T105000-6,T105000-6-0041,200,g,7,Control,F
T105000-6,T105000-6-0041,212,g,14,Control,F
T105000-6,T105000-6-0041,211,g,15,Control,F
T105000-6,T105000-6-0041,199,g,8,Control,F
T105000-6,T105000-6-0041,210,g,11,Control,F
T105000-6,T105000-6-0077,,,,Dose group 3,F
T105000-6,T105000-6-0077,179,g,1,Dose group 3,F
T105000-6,T105000-6-0077,171,g,2,Dose group 3,F
T105000-6,T105000-6-0077,169,g,3,Dose group 3,F
T105000-6,T105000-6-0077,165,g,4,Dose group 3,F
T105000-6,T105000-6-0077,179,g,-6,Dose group 3,F
T105000-6,T105000-6-0077,164,g,5,Dose group 3,F
T105000-6,T105000-6-0057,193,g,1,Dose group 1,F
T105000-6,T105000-6-0057,192,g,2,Dose group 1,F
T105000-6,T105000-6-0057,186,g,4,Dose group 1,F
T105000-6,T105000-6-0057,189,g,3,Dose group 1,F
T105000-6,T105000-6-0057,178,g,-6,Dose group 1,F
T105000-6,T105000-6-0057,204,g,11,Dose group 1,F
T105000-6,T105000-6-0057,207,g,15,Dose group 1,F
T105000-6,T105000-6-0057,193,g,8,Dose group 1,F
T105000-6,T105000-6-0057,205,g,16,Dose group 1,F
T105000-6,T105000-6-0057,200,g,9,Dose group 1,F
T105000-6,T105000-6-0057,210,g,17,Dose group 1,F
T105000-6,T105000-6-0057,212,g,18,Dose group 1,F
T105000-6,T105000-6-0057,215,g,22,Dose group 1,F
T105000-6,T105000-6-0057,217,g,27,Dose group 1,F
T105000-6,T105000-6-0057,214,g,19,Dose group 1,F
T105000-6,T105000-6-0057,208,g,23,Dose group 1,F
T105000-6,T105000-6-0057,223,g,29,Dose group 1,F
T105000-6,T105000-6-0057,216.08,g,30,Dose group 1,F
T105000-6,T105000-6-0057,212,g,28,Dose group 1,F
T105000-6,T105000-6-0057,210,g,20,Dose group 1,F
T105000-6,T105000-6-0057,210,g,24,Dose group 1,F
T105000-6,T105000-6-0057,212,g,25,Dose group 1,F
T105000-6,T105000-6-0057,212,g,21,Dose group 1,F
T105000-6,T105000-6-0057,196,g,12,Dose group 1,F
T105000-6,T105000-6-0057,215,g,26,Dose group 1,F
T105000-6,T105000-6-0057,192,g,5,Dose group 1,F
T105000-6,T105000-6-0057,203,g,13,Dose group 1,F
T105000-6,T105000-6-0057,199,g,6,Dose group 1,F
T105000-6,T105000-6-0057,208,g,14,Dose group 1,F
T105000-6,T105000-6-0057,194,g,7,Dose group 1,F
T105000-6,T105000-6-0057,202,g,10,Dose group 1,F
T105000-6,T105000-6-0069,202,g,30,Dose group 2,F
T105000-6,T105000-6-0069,175,g,1,Dose group 2,F
T105000-6,T105000-6-0069,171,g,4,Dose group 2,F
T105000-6,T105000-6-0069,168,g,2,Dose group 2,F
T105000-6,T105000-6-0069,171,g,3,Dose group 2,F
T105000-6,T105000-6-0069,165,g,-6,Dose group 2,F
T105000-6,T105000-6-0069,187,g,11,Dose group 2,F
T105000-6,T105000-6-0069,195,g,15,Dose group 2,F
T105000-6,T105000-6-0069,180,g,8,Dose group 2,F
T105000-6,T105000-6-0069,196,g,16,Dose group 2,F
T105000-6,T105000-6-0069,196,g,17,Dose group 2,F
T105000-6,T105000-6-0069,181,g,9,Dose group 2,F
T105000-6,T105000-6-0069,194,g,18,Dose group 2,F
T105000-6,T105000-6-0069,204,g,27,Dose group 2,F
T105000-6,T105000-6-0069,198,g,22,Dose group 2,F
T105000-6,T105000-6-0069,200,g,19,Dose group 2,F
T105000-6,T105000-6-0069,194,g,23,Dose group 2,F
T105000-6,T105000-6-0069,210,g,29,Dose group 2,F
T105000-6,T105000-6-0069,197.917,g,31,Dose group 2,F
T105000-6,T105000-6-0069,206,g,28,Dose group 2,F
T105000-6,T105000-6-0069,200,g,20,Dose group 2,F
T105000-6,T105000-6-0069,199,g,24,Dose group 2,F
T105000-6,T105000-6-0069,199,g,21,Dose group 2,F
T105000-6,T105000-6-0069,200,g,25,Dose group 2,F
T105000-6,T105000-6-0069,197,g,26,Dose group 2,F
T105000-6,T105000-6-0069,173,g,5,Dose group 2,F
T105000-6,T105000-6-0069,189,g,12,Dose group 2,F
T105000-6,T105000-6-0069,174,g,6,Dose group 2,F
T105000-6,T105000-6-0069,187,g,13,Dose group 2,F
T105000-6,T105000-6-0069,183,g,14,Dose group 2,F
T105000-6,T105000-6-0069,175,g,7,Dose group 2,F
T105000-6,T105000-6-0069,181,g,10,Dose group 2,F
T105000-6,T105000-6-0012,160,g,-6,Dose group 1,M
T105000-6,T105000-6-0012,194,g,2,Dose group 1,M
T105000-6,T105000-6-0012,202,g,3,Dose group 1,M
T105000-6,T105000-6-0012,212,g,4,Dose group 1,M
T105000-6,T105000-6-0012,192,g,1,Dose group 1,M
T105000-6,T105000-6-0012,247,g,12,Dose group 1,M
T105000-6,T105000-6-0012,260,g,16,Dose group 1,M
T105000-6,T105000-6-0012,237,g,9,Dose group 1,M
T105000-6,T105000-6-0012,263,g,17,Dose group 1,M
T105000-6,T105000-6-0012,263,g,18,Dose group 1,M
T105000-6,T105000-6-0012,275,g,27,Dose group 1,M
T105000-6,T105000-6-0012,242,g,10,Dose group 1,M
T105000-6,T105000-6-0012,265,g,19,Dose group 1,M
T105000-6,T105000-6-0012,264,g,23,Dose group 1,M
T105000-6,T105000-6-0012,280,g,29,Dose group 1,M
T105000-6,T105000-6-0012,273.935,g,29,Dose group 1,M
T105000-6,T105000-6-0012,263,g,20,Dose group 1,M
T105000-6,T105000-6-0012,268,g,24,Dose group 1,M
T105000-6,T105000-6-0012,265,g,21,Dose group 1,M
T105000-6,T105000-6-0012,269,g,25,Dose group 1,M
T105000-6,T105000-6-0012,277,g,28,Dose group 1,M
T105000-6,T105000-6-0012,252,g,22,Dose group 1,M
T105000-6,T105000-6-0012,270,g,26,Dose group 1,M
T105000-6,T105000-6-0012,216,g,5,Dose group 1,M
T105000-6,T105000-6-0012,250,g,13,Dose group 1,M
T105000-6,T105000-6-0012,220,g,6,Dose group 1,M
T105000-6,T105000-6-0012,254,g,14,Dose group 1,M
T105000-6,T105000-6-0012,227,g,7,Dose group 1,M
T105000-6,T105000-6-0012,257,g,15,Dose group 1,M
T105000-6,T105000-6-0012,233,g,8,Dose group 1,M
T105000-6,T105000-6-0012,248,g,11,Dose group 1,M
T105000-6,T105000-6-0001,184,g,-6,Control,M
T105000-6,T105000-6-0001,213,g,2,Control,M
T105000-6,T105000-6-0001,226,g,3,Control,M
T105000-6,T105000-6-0001,227,g,4,Control,M
T105000-6,T105000-6-0001,229,g,5,Control,M
T105000-6,T105000-6-0001,214,g,1,Control,M
T105000-6,T105000-6-0001,247,g,12,Control,M
T105000-6,T105000-6-0001,253,g,16,Control,M
T105000-6,T105000-6-0001,242,g,9,Control,M
T105000-6,T105000-6-0001,257,g,17,Control,M
T105000-6,T105000-6-0001,263,g,18,Control,M
T105000-6,T105000-6-0001,270,g,27,Control,M
T105000-6,T105000-6-0001,243,g,10,Control,M
T105000-6,T105000-6-0001,271,g,28,Control,M
T105000-6,T105000-6-0001,262,g,19,Control,M
T105000-6,T105000-6-0001,261,g,23,Control,M
T105000-6,T105000-6-0001,258,g,20,Control,M
T105000-6,T105000-6-0001,265,g,24,Control,M
T105000-6,T105000-6-0001,275,g,29,Control,M
T105000-6,T105000-6-0001,266.104,g,29,Control,M
T105000-6,T105000-6-0001,259,g,21,Control,M
T105000-6,T105000-6-0001,265,g,25,Control,M
T105000-6,T105000-6-0001,250,g,22,Control,M
T105000-6,T105000-6-0001,266,g,26,Control,M
T105000-6,T105000-6-0001,228,g,6,Control,M
T105000-6,T105000-6-0001,249,g,13,Control,M
T105000-6,T105000-6-0001,234,g,7,Control,M
T105000-6,T105000-6-0001,250,g,14,Control,M
T105000-6,T105000-6-0001,255,g,15,Control,M
T105000-6,T105000-6-0001,239,g,8,Control,M
T105000-6,T105000-6-0001,247,g,11,Control,M
T105000-6,T105000-6-0034,168,g,-6,Dose group 3,M
T105000-6,T105000-6-0034,288,g,30,Dose group 3,M
T105000-6,T105000-6-0034,207,g,1,Dose group 3,M
T105000-6,T105000-6-0034,198,g,2,Dose group 3,M
T105000-6,T105000-6-0034,195,g,3,Dose group 3,M
T105000-6,T105000-6-0034,194,g,4,Dose group 3,M
T105000-6,T105000-6-0034,253,g,16,Dose group 3,M
T105000-6,T105000-6-0034,216,g,9,Dose group 3,M
T105000-6,T105000-6-0034,254,g,17,Dose group 3,M
T105000-6,T105000-6-0034,258,g,18,Dose group 3,M
T105000-6,T105000-6-0034,255,g,22,Dose group 3,M
T105000-6,T105000-6-0034,279,g,27,Dose group 3,M
T105000-6,T105000-6-0034,220,g,10,Dose group 3,M
T105000-6,T105000-6-0034,261,g,19,Dose group 3,M
T105000-6,T105000-6-0034,259,g,23,Dose group 3,M
T105000-6,T105000-6-0034,269,g,20,Dose group 3,M
T105000-6,T105000-6-0034,266,g,24,Dose group 3,M
T105000-6,T105000-6-0034,285,g,29,Dose group 3,M
T105000-6,T105000-6-0034,279.398,g,31,Dose group 3,M
T105000-6,T105000-6-0034,268,g,21,Dose group 3,M
T105000-6,T105000-6-0034,273,g,25,Dose group 3,M
T105000-6,T105000-6-0034,283,g,28,Dose group 3,M
T105000-6,T105000-6-0034,190,g,5,Dose group 3,M
T105000-6,T105000-6-0034,228,g,12,Dose group 3,M
T105000-6,T105000-6-0034,275,g,26,Dose group 3,M
T105000-6,T105000-6-0034,191,g,6,Dose group 3,M
T105000-6,T105000-6-0034,234,g,13,Dose group 3,M
T105000-6,T105000-6-0034,199,g,7,Dose group 3,M
T105000-6,T105000-6-0034,240,g,14,Dose group 3,M
T105000-6,T105000-6-0034,252,g,15,Dose group 3,M
T105000-6,T105000-6-0034,211,g,8,Dose group 3,M
T105000-6,T105000-6-0034,222,g,11,Dose group 3,M
T105000-6,T105000-6-0074,,,,Dose group 3,F
T105000-6,T105000-6-0074,196,g,1,Dose group 3,F
T105000-6,T105000-6-0074,191,g,3,Dose group 3,F
T105000-6,T105000-6-0074,188,g,4,Dose group 3,F
T105000-6,T105000-6-0074,194,g,2,Dose group 3,F
T105000-6,T105000-6-0074,190,g,-6,Dose group 3,F
T105000-6,T105000-6-0074,189,g,5,Dose group 3,F
T105000-6,T105000-6-0045,196,g,1,Control,F
T105000-6,T105000-6-0045,191,g,2,Control,F
T105000-6,T105000-6-0045,195,g,3,Control,F
T105000-6,T105000-6-0045,199,g,4,Control,F
T105000-6,T105000-6-0045,183,g,-6,Control,F
T105000-6,T105000-6-0045,216,g,15,Control,F
T105000-6,T105000-6-0045,218,g,16,Control,F
T105000-6,T105000-6-0045,205,g,9,Control,F
T105000-6,T105000-6-0045,219,g,17,Control,F
T105000-6,T105000-6-0045,215,g,18,Control,F
T105000-6,T105000-6-0045,210,g,22,Control,F
T105000-6,T105000-6-0045,221,g,27,Control,F
T105000-6,T105000-6-0045,200,g,10,Control,F
T105000-6,T105000-6-0045,220,g,19,Control,F
T105000-6,T105000-6-0045,206,g,23,Control,F
T105000-6,T105000-6-0045,221,g,20,Control,F
T105000-6,T105000-6-0045,217,g,24,Control,F
T105000-6,T105000-6-0045,224,g,28,Control,F
T105000-6,T105000-6-0045,227,g,29,Control,F
T105000-6,T105000-6-0045,216.596,g,30,Control,F
T105000-6,T105000-6-0045,218,g,21,Control,F
T105000-6,T105000-6-0045,214,g,25,Control,F
T105000-6,T105000-6-0045,211,g,12,Control,F
T105000-6,T105000-6-0045,214,g,26,Control,F
T105000-6,T105000-6-0045,198,g,5,Control,F
T105000-6,T105000-6-0045,212,g,13,Control,F
T105000-6,T105000-6-0045,197,g,6,Control,F
T105000-6,T105000-6-0045,206,g,14,Control,F
T105000-6,T105000-6-0045,201,g,7,Control,F
T105000-6,T105000-6-0045,205,g,8,Control,F
T105000-6,T105000-6-0045,211,g,11,Control,F
T105000-6,T105000-6-0049,180,g,1,Control,F
T105000-6,T105000-6-0049,177,g,2,Control,F
T105000-6,T105000-6-0049,183,g,3,Control,F
T105000-6,T105000-6-0049,178,g,4,Control,F
T105000-6,T105000-6-0049,172,g,-6,Control,F
T105000-6,T105000-6-0049,194,g,11,Control,F
T105000-6,T105000-6-0049,197,g,15,Control,F
T105000-6,T105000-6-0049,189,g,16,Control,F
T105000-6,T105000-6-0049,191,g,9,Control,F
T105000-6,T105000-6-0049,199,g,17,Control,F
T105000-6,T105000-6-0049,199,g,18,Control,F
T105000-6,T105000-6-0049,203,g,22,Control,F
T105000-6,T105000-6-0049,207,g,27,Control,F
T105000-6,T105000-6-0049,192,g,10,Control,F
T105000-6,T105000-6-0049,199,g,19,Control,F
T105000-6,T105000-6-0049,193,g,23,Control,F
T105000-6,T105000-6-0049,203,g,28,Control,F
T105000-6,T105000-6-0049,194,g,20,Control,F
T105000-6,T105000-6-0049,197,g,24,Control,F
T105000-6,T105000-6-0049,213,g,29,Control,F
T105000-6,T105000-6-0049,202.349,g,30,Control,F
T105000-6,T105000-6-0049,200,g,21,Control,F
T105000-6,T105000-6-0049,203,g,25,Control,F
T105000-6,T105000-6-0049,190,g,12,Control,F
T105000-6,T105000-6-0049,210,g,26,Control,F
T105000-6,T105000-6-0049,184,g,5,Control,F
T105000-6,T105000-6-0049,192,g,13,Control,F
T105000-6,T105000-6-0049,187,g,6,Control,F
T105000-6,T105000-6-0049,199,g,14,Control,F
T105000-6,T105000-6-0049,190,g,7,Control,F
T105000-6,T105000-6-0049,183,g,8,Control,F
T105000-6,T105000-6-0079,,,,Dose group 3,F
T105000-6,T105000-6-0079,196,g,1,Dose group 3,F
T105000-6,T105000-6-0079,188,g,2,Dose group 3,F
T105000-6,T105000-6-0079,186,g,3,Dose group 3,F
T105000-6,T105000-6-0079,189,g,4,Dose group 3,F
T105000-6,T105000-6-0079,174,g,-6,Dose group 3,F
T105000-6,T105000-6-0079,188,g,5,Dose group 3,F
T105000-6,T105000-6-0008,161,g,-6,Control,M
T105000-6,T105000-6-0008,195,g,2,Control,M
T105000-6,T105000-6-0008,202,g,3,Control,M
T105000-6,T105000-6-0008,205,g,4,Control,M
T105000-6,T105000-6-0008,196,g,1,Control,M
T105000-6,T105000-6-0008,241,g,12,Control,M
T105000-6,T105000-6-0008,255,g,16,Control,M
T105000-6,T105000-6-0008,228,g,9,Control,M
T105000-6,T105000-6-0008,258,g,17,Control,M
T105000-6,T105000-6-0008,263,g,18,Control,M
T105000-6,T105000-6-0008,271,g,27,Control,M
T105000-6,T105000-6-0008,233,g,10,Control,M
T105000-6,T105000-6-0008,265,g,19,Control,M
T105000-6,T105000-6-0008,262,g,23,Control,M
T105000-6,T105000-6-0008,275,g,29,Control,M
T105000-6,T105000-6-0008,263.964,g,29,Control,M
T105000-6,T105000-6-0008,264,g,20,Control,M
T105000-6,T105000-6-0008,263,g,24,Control,M
T105000-6,T105000-6-0008,265,g,21,Control,M
T105000-6,T105000-6-0008,267,g,25,Control,M
T105000-6,T105000-6-0008,272,g,28,Control,M
T105000-6,T105000-6-0008,247,g,22,Control,M
T105000-6,T105000-6-0008,269,g,26,Control,M
T105000-6,T105000-6-0008,210,g,5,Control,M
T105000-6,T105000-6-0008,243,g,13,Control,M
T105000-6,T105000-6-0008,213,g,6,Control,M
T105000-6,T105000-6-0008,248,g,14,Control,M
T105000-6,T105000-6-0008,220,g,7,Control,M
T105000-6,T105000-6-0008,225,g,8,Control,M
T105000-6,T105000-6-0008,251,g,15,Control,M
T105000-6,T105000-6-0008,236,g,11,Control,M
T105000-6,T105000-6-0013,178,g,-6,Dose group 1,M
T105000-6,T105000-6-0013,205,g,2,Dose group 1,M
T105000-6,T105000-6-0013,215,g,3,Dose group 1,M
T105000-6,T105000-6-0013,220,g,4,Dose group 1,M
T105000-6,T105000-6-0013,209,g,1,Dose group 1,M
T105000-6,T105000-6-0013,245,g,12,Dose group 1,M
T105000-6,T105000-6-0013,236,g,9,Dose group 1,M
T105000-6,T105000-6-0013,258,g,16,Dose group 1,M
T105000-6,T105000-6-0013,261,g,17,Dose group 1,M
T105000-6,T105000-6-0013,266,g,18,Dose group 1,M
T105000-6,T105000-6-0013,277,g,27,Dose group 1,M
T105000-6,T105000-6-0013,242,g,10,Dose group 1,M
T105000-6,T105000-6-0013,265,g,19,Dose group 1,M
T105000-6,T105000-6-0013,269,g,23,Dose group 1,M
T105000-6,T105000-6-0013,286,g,29,Dose group 1,M
T105000-6,T105000-6-0013,274.371,g,29,Dose group 1,M
T105000-6,T105000-6-0013,270,g,20,Dose group 1,M
T105000-6,T105000-6-0013,273,g,24,Dose group 1,M
T105000-6,T105000-6-0013,266,g,21,Dose group 1,M
T105000-6,T105000-6-0013,274,g,25,Dose group 1,M
T105000-6,T105000-6-0013,280,g,28,Dose group 1,M
T105000-6,T105000-6-0013,253,g,22,Dose group 1,M
T105000-6,T105000-6-0013,272,g,26,Dose group 1,M
T105000-6,T105000-6-0013,224,g,5,Dose group 1,M
T105000-6,T105000-6-0013,247,g,13,Dose group 1,M
T105000-6,T105000-6-0013,226,g,6,Dose group 1,M
T105000-6,T105000-6-0013,252,g,14,Dose group 1,M
T105000-6,T105000-6-0013,231,g,7,Dose group 1,M
T105000-6,T105000-6-0013,257,g,15,Dose group 1,M
T105000-6,T105000-6-0013,236,g,8,Dose group 1,M
T105000-6,T105000-6-0013,246,g,11,Dose group 1,M
T105000-6,T105000-6-0020,176,g,-6,Dose group 1,M
T105000-6,T105000-6-0020,216,g,2,Dose group 1,M
T105000-6,T105000-6-0020,224,g,3,Dose group 1,M
T105000-6,T105000-6-0020,231,g,4,Dose group 1,M
T105000-6,T105000-6-0020,213,g,1,Dose group 1,M
T105000-6,T105000-6-0020,302,g,16,Dose group 1,M
T105000-6,T105000-6-0020,306,g,17,Dose group 1,M
T105000-6,T105000-6-0020,262,g,9,Dose group 1,M
T105000-6,T105000-6-0020,311,g,18,Dose group 1,M
T105000-6,T105000-6-0020,340,g,27,Dose group 1,M
T105000-6,T105000-6-0020,268,g,10,Dose group 1,M
T105000-6,T105000-6-0020,314,g,19,Dose group 1,M
T105000-6,T105000-6-0020,322,g,23,Dose group 1,M
T105000-6,T105000-6-0020,348,g,29,Dose group 1,M
T105000-6,T105000-6-0020,331.334,g,29,Dose group 1,M
T105000-6,T105000-6-0020,318,g,20,Dose group 1,M
T105000-6,T105000-6-0020,326,g,24,Dose group 1,M
T105000-6,T105000-6-0020,319,g,21,Dose group 1,M
T105000-6,T105000-6-0020,333,g,25,Dose group 1,M
T105000-6,T105000-6-0020,339,g,28,Dose group 1,M
T105000-6,T105000-6-0020,299,g,22,Dose group 1,M
T105000-6,T105000-6-0020,334,g,26,Dose group 1,M
T105000-6,T105000-6-0020,237,g,5,Dose group 1,M
T105000-6,T105000-6-0020,278,g,12,Dose group 1,M
T105000-6,T105000-6-0020,285,g,13,Dose group 1,M
T105000-6,T105000-6-0020,241,g,6,Dose group 1,M
T105000-6,T105000-6-0020,289,g,14,Dose group 1,M
T105000-6,T105000-6-0020,255,g,7,Dose group 1,M
T105000-6,T105000-6-0020,296,g,15,Dose group 1,M
T105000-6,T105000-6-0020,260,g,8,Dose group 1,M
T105000-6,T105000-6-0020,278,g,11,Dose group 1,M
T105000-6,T105000-6-0030,185,g,-6,Dose group 2,M
T105000-6,T105000-6-0030,221,g,1,Dose group 2,M
T105000-6,T105000-6-0030,216,g,2,Dose group 2,M
T105000-6,T105000-6-0030,223,g,3,Dose group 2,M
T105000-6,T105000-6-0030,229,g,4,Dose group 2,M
T105000-6,T105000-6-0030,279,g,16,Dose group 2,M
T105000-6,T105000-6-0030,253,g,9,Dose group 2,M
T105000-6,T105000-6-0030,284,g,17,Dose group 2,M
T105000-6,T105000-6-0030,306,g,27,Dose group 2,M
T105000-6,T105000-6-0030,292,g,18,Dose group 2,M
T105000-6,T105000-6-0030,281,g,22,Dose group 2,M
T105000-6,T105000-6-0030,258,g,10,Dose group 2,M
T105000-6,T105000-6-0030,293,g,19,Dose group 2,M
T105000-6,T105000-6-0030,291,g,23,Dose group 2,M
T105000-6,T105000-6-0030,311,g,30,Dose group 2,M
T105000-6,T105000-6-0030,292,g,20,Dose group 2,M
T105000-6,T105000-6-0030,293,g,24,Dose group 2,M
T105000-6,T105000-6-0030,308,g,29,Dose group 2,M
T105000-6,T105000-6-0030,301.468,g,31,Dose group 2,M
T105000-6,T105000-6-0030,292,g,21,Dose group 2,M
T105000-6,T105000-6-0030,299,g,25,Dose group 2,M
T105000-6,T105000-6-0030,303,g,28,Dose group 2,M
T105000-6,T105000-6-0030,233,g,5,Dose group 2,M
T105000-6,T105000-6-0030,268,g,12,Dose group 2,M
T105000-6,T105000-6-0030,302,g,26,Dose group 2,M
T105000-6,T105000-6-0030,233,g,6,Dose group 2,M
T105000-6,T105000-6-0030,269,g,13,Dose group 2,M
T105000-6,T105000-6-0030,272,g,14,Dose group 2,M
T105000-6,T105000-6-0030,245,g,7,Dose group 2,M
T105000-6,T105000-6-0030,277,g,15,Dose group 2,M
T105000-6,T105000-6-0030,250,g,8,Dose group 2,M
T105000-6,T105000-6-0030,266,g,11,Dose group 2,M
T105000-6,T105000-6-0052,174,g,1,Dose group 1,F
T105000-6,T105000-6-0052,171,g,2,Dose group 1,F
T105000-6,T105000-6-0052,174,g,4,Dose group 1,F
T105000-6,T105000-6-0052,167,g,3,Dose group 1,F
T105000-6,T105000-6-0052,162,g,-6,Dose group 1,F
T105000-6,T105000-6-0052,191,g,11,Dose group 1,F
T105000-6,T105000-6-0052,190,g,15,Dose group 1,F
T105000-6,T105000-6-0052,185,g,8,Dose group 1,F
T105000-6,T105000-6-0052,196,g,16,Dose group 1,F
T105000-6,T105000-6-0052,186,g,9,Dose group 1,F
T105000-6,T105000-6-0052,198,g,17,Dose group 1,F
T105000-6,T105000-6-0052,205,g,18,Dose group 1,F
T105000-6,T105000-6-0052,205,g,22,Dose group 1,F
T105000-6,T105000-6-0052,205,g,27,Dose group 1,F
T105000-6,T105000-6-0052,188,g,10,Dose group 1,F
T105000-6,T105000-6-0052,198,g,19,Dose group 1,F
T105000-6,T105000-6-0052,192,g,23,Dose group 1,F
T105000-6,T105000-6-0052,202.222,g,30,Dose group 1,F
T105000-6,T105000-6-0052,207,g,28,Dose group 1,F
T105000-6,T105000-6-0052,201,g,20,Dose group 1,F
T105000-6,T105000-6-0052,204,g,24,Dose group 1,F
T105000-6,T105000-6-0052,212,g,29,Dose group 1,F
T105000-6,T105000-6-0052,203,g,21,Dose group 1,F
T105000-6,T105000-6-0052,203,g,25,Dose group 1,F
T105000-6,T105000-6-0052,189,g,12,Dose group 1,F
T105000-6,T105000-6-0052,203,g,26,Dose group 1,F
T105000-6,T105000-6-0052,178,g,5,Dose group 1,F
T105000-6,T105000-6-0052,193,g,13,Dose group 1,F
T105000-6,T105000-6-0052,182,g,6,Dose group 1,F
T105000-6,T105000-6-0052,194,g,14,Dose group 1,F
T105000-6,T105000-6-0052,178,g,7,Dose group 1,F
T105000-6,T105000-6-0004,168,g,-6,Control,M
T105000-6,T105000-6-0004,199,g,2,Control,M
T105000-6,T105000-6-0004,205,g,3,Control,M
T105000-6,T105000-6-0004,211,g,4,Control,M
T105000-6,T105000-6-0004,213,g,5,Control,M
T105000-6,T105000-6-0004,204,g,1,Control,M
T105000-6,T105000-6-0004,242,g,12,Control,M
T105000-6,T105000-6-0004,256,g,16,Control,M
T105000-6,T105000-6-0004,230,g,9,Control,M
T105000-6,T105000-6-0004,258,g,17,Control,M
T105000-6,T105000-6-0004,259,g,18,Control,M
T105000-6,T105000-6-0004,269,g,27,Control,M
T105000-6,T105000-6-0004,237,g,10,Control,M
T105000-6,T105000-6-0004,262,g,19,Control,M
T105000-6,T105000-6-0004,258,g,23,Control,M
T105000-6,T105000-6-0004,266,g,20,Control,M
T105000-6,T105000-6-0004,262,g,24,Control,M
T105000-6,T105000-6-0004,274,g,29,Control,M
T105000-6,T105000-6-0004,268.445,g,29,Control,M
T105000-6,T105000-6-0004,262,g,21,Control,M
T105000-6,T105000-6-0004,262,g,25,Control,M
T105000-6,T105000-6-0004,272,g,28,Control,M
T105000-6,T105000-6-0004,244,g,22,Control,M
T105000-6,T105000-6-0004,267,g,26,Control,M
T105000-6,T105000-6-0004,244,g,13,Control,M
T105000-6,T105000-6-0004,219,g,6,Control,M
T105000-6,T105000-6-0004,225,g,7,Control,M
T105000-6,T105000-6-0004,245,g,14,Control,M
T105000-6,T105000-6-0004,250,g,15,Control,M
T105000-6,T105000-6-0004,231,g,8,Control,M
T105000-6,T105000-6-0004,238,g,11,Control,M
T105000-6,T105000-6-0033,172,g,-6,Dose group 3,M
T105000-6,T105000-6-0033,204,g,1,Dose group 3,M
T105000-6,T105000-6-0033,208,g,2,Dose group 3,M
T105000-6,T105000-6-0033,204,g,3,Dose group 3,M
T105000-6,T105000-6-0033,206,g,4,Dose group 3,M
T105000-6,T105000-6-0033,274,g,16,Dose group 3,M
T105000-6,T105000-6-0033,234,g,9,Dose group 3,M
T105000-6,T105000-6-0033,274,g,17,Dose group 3,M
T105000-6,T105000-6-0033,284,g,18,Dose group 3,M
T105000-6,T105000-6-0033,272,g,22,Dose group 3,M
T105000-6,T105000-6-0033,297,g,27,Dose group 3,M
T105000-6,T105000-6-0033,237,g,10,Dose group 3,M
T105000-6,T105000-6-0033,284,g,19,Dose group 3,M
T105000-6,T105000-6-0033,281,g,23,Dose group 3,M
T105000-6,T105000-6-0033,301,g,30,Dose group 3,M
T105000-6,T105000-6-0033,282,g,20,Dose group 3,M
T105000-6,T105000-6-0033,285,g,24,Dose group 3,M
T105000-6,T105000-6-0033,298,g,29,Dose group 3,M
T105000-6,T105000-6-0033,301.211,g,31,Dose group 3,M
T105000-6,T105000-6-0033,290,g,21,Dose group 3,M
T105000-6,T105000-6-0033,290,g,25,Dose group 3,M
T105000-6,T105000-6-0033,299,g,28,Dose group 3,M
T105000-6,T105000-6-0033,201,g,5,Dose group 3,M
T105000-6,T105000-6-0033,248,g,12,Dose group 3,M
T105000-6,T105000-6-0033,292,g,26,Dose group 3,M
T105000-6,T105000-6-0033,204,g,6,Dose group 3,M
T105000-6,T105000-6-0033,256,g,13,Dose group 3,M
T105000-6,T105000-6-0033,262,g,14,Dose group 3,M
T105000-6,T105000-6-0033,219,g,7,Dose group 3,M
T105000-6,T105000-6-0033,268,g,15,Dose group 3,M
T105000-6,T105000-6-0033,228,g,8,Dose group 3,M
T105000-6,T105000-6-0033,245,g,11,Dose group 3,M
T105000-6,T105000-6-0064,184,g,1,Dose group 2,F
T105000-6,T105000-6-0064,186,g,4,Dose group 2,F
T105000-6,T105000-6-0064,185,g,2,Dose group 2,F
T105000-6,T105000-6-0064,188,g,3,Dose group 2,F
T105000-6,T105000-6-0064,178,g,-6,Dose group 2,F
T105000-6,T105000-6-0064,204,g,11,Dose group 2,F
T105000-6,T105000-6-0064,212,g,15,Dose group 2,F
T105000-6,T105000-6-0064,193,g,8,Dose group 2,F
T105000-6,T105000-6-0064,212,g,16,Dose group 2,F
T105000-6,T105000-6-0064,210,g,17,Dose group 2,F
T105000-6,T105000-6-0064,194,g,9,Dose group 2,F
T105000-6,T105000-6-0064,216,g,18,Dose group 2,F
T105000-6,T105000-6-0064,218,g,22,Dose group 2,F
T105000-6,T105000-6-0064,219,g,27,Dose group 2,F
T105000-6,T105000-6-0064,218,g,19,Dose group 2,F
T105000-6,T105000-6-0064,208,g,23,Dose group 2,F
T105000-6,T105000-6-0064,226,g,29,Dose group 2,F
T105000-6,T105000-6-0064,220.301,g,30,Dose group 2,F
T105000-6,T105000-6-0064,220,g,28,Dose group 2,F
T105000-6,T105000-6-0064,217,g,20,Dose group 2,F
T105000-6,T105000-6-0064,202,g,24,Dose group 2,F
T105000-6,T105000-6-0064,212,g,21,Dose group 2,F
T105000-6,T105000-6-0064,215,g,25,Dose group 2,F
T105000-6,T105000-6-0064,220,g,26,Dose group 2,F
T105000-6,T105000-6-0064,184,g,5,Dose group 2,F
T105000-6,T105000-6-0064,202,g,12,Dose group 2,F
T105000-6,T105000-6-0064,203,g,13,Dose group 2,F
T105000-6,T105000-6-0064,189,g,6,Dose group 2,F
T105000-6,T105000-6-0064,208,g,14,Dose group 2,F
T105000-6,T105000-6-0064,188,g,7,Dose group 2,F
T105000-6,T105000-6-0064,204,g,10,Dose group 2,F
T105000-6,T105000-6-0035,186,g,-6,Dose group 3,M
T105000-6,T105000-6-0035,267,g,30,Dose group 3,M
T105000-6,T105000-6-0035,219,g,1,Dose group 3,M
T105000-6,T105000-6-0035,207,g,2,Dose group 3,M
T105000-6,T105000-6-0035,202,g,3,Dose group 3,M
T105000-6,T105000-6-0035,201,g,4,Dose group 3,M
T105000-6,T105000-6-0035,250,g,16,Dose group 3,M
T105000-6,T105000-6-0035,219,g,9,Dose group 3,M
T105000-6,T105000-6-0035,251,g,17,Dose group 3,M
T105000-6,T105000-6-0035,258,g,18,Dose group 3,M
T105000-6,T105000-6-0035,248,g,22,Dose group 3,M
T105000-6,T105000-6-0035,264,g,27,Dose group 3,M
T105000-6,T105000-6-0035,218,g,10,Dose group 3,M
T105000-6,T105000-6-0035,258,g,19,Dose group 3,M
T105000-6,T105000-6-0035,260,g,23,Dose group 3,M
T105000-6,T105000-6-0035,259,g,20,Dose group 3,M
T105000-6,T105000-6-0035,259,g,24,Dose group 3,M
T105000-6,T105000-6-0035,269,g,29,Dose group 3,M
T105000-6,T105000-6-0035,257.463,g,31,Dose group 3,M
T105000-6,T105000-6-0035,259,g,21,Dose group 3,M
T105000-6,T105000-6-0035,262,g,25,Dose group 3,M
T105000-6,T105000-6-0035,263,g,28,Dose group 3,M
T105000-6,T105000-6-0035,198,g,5,Dose group 3,M
T105000-6,T105000-6-0035,228,g,12,Dose group 3,M
T105000-6,T105000-6-0035,266,g,26,Dose group 3,M
T105000-6,T105000-6-0035,202,g,6,Dose group 3,M
T105000-6,T105000-6-0035,234,g,13,Dose group 3,M
T105000-6,T105000-6-0035,213,g,7,Dose group 3,M
T105000-6,T105000-6-0035,243,g,14,Dose group 3,M
T105000-6,T105000-6-0035,248,g,15,Dose group 3,M
T105000-6,T105000-6-0035,216,g,8,Dose group 3,M
T105000-6,T105000-6-0035,226,g,11,Dose group 3,M
T105000-6,T105000-6-0046,191,g,1,Control,F
T105000-6,T105000-6-0046,193,g,2,Control,F
T105000-6,T105000-6-0046,192,g,3,Control,F
T105000-6,T105000-6-0046,187,g,4,Control,F
T105000-6,T105000-6-0046,181,g,-6,Control,F
T105000-6,T105000-6-0046,214,g,15,Control,F
T105000-6,T105000-6-0046,207,g,16,Control,F
T105000-6,T105000-6-0046,207,g,9,Control,F
T105000-6,T105000-6-0046,216,g,17,Control,F
T105000-6,T105000-6-0046,219,g,18,Control,F
T105000-6,T105000-6-0046,221,g,22,Control,F
T105000-6,T105000-6-0046,224,g,27,Control,F
T105000-6,T105000-6-0046,208,g,10,Control,F
T105000-6,T105000-6-0046,219,g,19,Control,F
T105000-6,T105000-6-0046,211,g,23,Control,F
T105000-6,T105000-6-0046,214,g,20,Control,F
T105000-6,T105000-6-0046,214,g,28,Control,F
T105000-6,T105000-6-0046,212,g,24,Control,F
T105000-6,T105000-6-0046,228,g,29,Control,F
T105000-6,T105000-6-0046,221.073,g,30,Control,F
T105000-6,T105000-6-0046,219,g,21,Control,F
T105000-6,T105000-6-0046,219,g,25,Control,F
T105000-6,T105000-6-0046,204,g,12,Control,F
T105000-6,T105000-6-0046,223,g,26,Control,F
T105000-6,T105000-6-0046,195,g,5,Control,F
T105000-6,T105000-6-0046,211,g,13,Control,F
T105000-6,T105000-6-0046,200,g,6,Control,F
T105000-6,T105000-6-0046,215,g,14,Control,F
T105000-6,T105000-6-0046,198,g,7,Control,F
T105000-6,T105000-6-0046,192,g,8,Control,F
T105000-6,T105000-6-0046,212,g,11,Control,F
T105000-6,T105000-6-0071,,,,Dose group 3,F
T105000-6,T105000-6-0071,174,g,1,Dose group 3,F
T105000-6,T105000-6-0071,175,g,3,Dose group 3,F
T105000-6,T105000-6-0071,176,g,4,Dose group 3,F
T105000-6,T105000-6-0071,175,g,2,Dose group 3,F
T105000-6,T105000-6-0071,165,g,-6,Dose group 3,F
T105000-6,T105000-6-0071,173,g,5,Dose group 3,F
T105000-6,T105000-6-0073,,,,Dose group 3,F
T105000-6,T105000-6-0073,190,g,1,Dose group 3,F
T105000-6,T105000-6-0073,178,g,3,Dose group 3,F
T105000-6,T105000-6-0073,179,g,4,Dose group 3,F
T105000-6,T105000-6-0073,181,g,2,Dose group 3,F
T105000-6,T105000-6-0073,167,g,-6,Dose group 3,F
T105000-6,T105000-6-0073,174,g,5,Dose group 3,F
T105000-6,T105000-6-0002,189,g,-6,Control,M
T105000-6,T105000-6-0002,210,g,2,Control,M
T105000-6,T105000-6-0002,221,g,3,Control,M
T105000-6,T105000-6-0002,224,g,4,Control,M
T105000-6,T105000-6-0002,227,g,5,Control,M
T105000-6,T105000-6-0002,210,g,1,Control,M
T105000-6,T105000-6-0002,251,g,12,Control,M
T105000-6,T105000-6-0002,264,g,16,Control,M
T105000-6,T105000-6-0002,242,g,9,Control,M
T105000-6,T105000-6-0002,265,g,17,Control,M
T105000-6,T105000-6-0002,270,g,18,Control,M
T105000-6,T105000-6-0002,280,g,27,Control,M
T105000-6,T105000-6-0002,246,g,10,Control,M
T105000-6,T105000-6-0002,281,g,28,Control,M
T105000-6,T105000-6-0002,273,g,19,Control,M
T105000-6,T105000-6-0002,272,g,23,Control,M
T105000-6,T105000-6-0002,271,g,20,Control,M
T105000-6,T105000-6-0002,272,g,24,Control,M
T105000-6,T105000-6-0002,287,g,29,Control,M
T105000-6,T105000-6-0002,276.297,g,29,Control,M
T105000-6,T105000-6-0002,269,g,21,Control,M
T105000-6,T105000-6-0002,278,g,25,Control,M
T105000-6,T105000-6-0002,255,g,22,Control,M
T105000-6,T105000-6-0002,280,g,26,Control,M
T105000-6,T105000-6-0002,257,g,13,Control,M
T105000-6,T105000-6-0002,229,g,6,Control,M
T105000-6,T105000-6-0002,235,g,7,Control,M
T105000-6,T105000-6-0002,258,g,14,Control,M
T105000-6,T105000-6-0002,262,g,15,Control,M
T105000-6,T105000-6-0002,241,g,8,Control,M
T105000-6,T105000-6-0002,251,g,11,Control,M
T105000-6,T105000-6-0005,173,g,-6,Control,M
T105000-6,T105000-6-0005,205,g,2,Control,M
T105000-6,T105000-6-0005,216,g,3,Control,M
T105000-6,T105000-6-0005,219,g,4,Control,M
T105000-6,T105000-6-0005,224,g,5,Control,M
T105000-6,T105000-6-0005,212,g,1,Control,M
T105000-6,T105000-6-0005,256,g,12,Control,M
T105000-6,T105000-6-0005,275,g,16,Control,M
T105000-6,T105000-6-0005,244,g,9,Control,M
T105000-6,T105000-6-0005,276,g,17,Control,M
T105000-6,T105000-6-0005,279,g,18,Control,M
T105000-6,T105000-6-0005,289,g,27,Control,M
T105000-6,T105000-6-0005,249,g,10,Control,M
T105000-6,T105000-6-0005,283,g,19,Control,M
T105000-6,T105000-6-0005,280,g,23,Control,M
T105000-6,T105000-6-0005,284,g,20,Control,M
T105000-6,T105000-6-0005,280,g,24,Control,M
T105000-6,T105000-6-0005,297,g,29,Control,M
T105000-6,T105000-6-0005,284.792,g,29,Control,M
T105000-6,T105000-6-0005,279,g,21,Control,M
T105000-6,T105000-6-0005,282,g,25,Control,M
T105000-6,T105000-6-0005,293,g,28,Control,M
T105000-6,T105000-6-0005,265,g,22,Control,M
T105000-6,T105000-6-0005,287,g,26,Control,M
T105000-6,T105000-6-0005,260,g,13,Control,M
T105000-6,T105000-6-0005,225,g,6,Control,M
T105000-6,T105000-6-0005,237,g,7,Control,M
T105000-6,T105000-6-0005,265,g,14,Control,M
T105000-6,T105000-6-0005,241,g,8,Control,M
T105000-6,T105000-6-0005,254,g,11,Control,M
T105000-6,T105000-6-0005,271,g,15,Control,M
T105000-6,T105000-6-0015,162,g,-6,Dose group 1,M
T105000-6,T105000-6-0015,199,g,2,Dose group 1,M
T105000-6,T105000-6-0015,205,g,3,Dose group 1,M
T105000-6,T105000-6-0015,213,g,4,Dose group 1,M
T105000-6,T105000-6-0015,199,g,1,Dose group 1,M
T105000-6,T105000-6-0015,256,g,12,Dose group 1,M
T105000-6,T105000-6-0015,244,g,9,Dose group 1,M
T105000-6,T105000-6-0015,278,g,16,Dose group 1,M
T105000-6,T105000-6-0015,290,g,17,Dose group 1,M
T105000-6,T105000-6-0015,291,g,18,Dose group 1,M
T105000-6,T105000-6-0015,320,g,27,Dose group 1,M
T105000-6,T105000-6-0015,248,g,10,Dose group 1,M
T105000-6,T105000-6-0015,297,g,19,Dose group 1,M
T105000-6,T105000-6-0015,303,g,23,Dose group 1,M
T105000-6,T105000-6-0015,329,g,29,Dose group 1,M
T105000-6,T105000-6-0015,314.585,g,29,Dose group 1,M
T105000-6,T105000-6-0015,302,g,20,Dose group 1,M
T105000-6,T105000-6-0015,313,g,24,Dose group 1,M
T105000-6,T105000-6-0015,308,g,21,Dose group 1,M
T105000-6,T105000-6-0015,313,g,25,Dose group 1,M
T105000-6,T105000-6-0015,324,g,28,Dose group 1,M
T105000-6,T105000-6-0015,282,g,22,Dose group 1,M
T105000-6,T105000-6-0015,317,g,26,Dose group 1,M
T105000-6,T105000-6-0015,217,g,5,Dose group 1,M
T105000-6,T105000-6-0015,261,g,13,Dose group 1,M
T105000-6,T105000-6-0015,223,g,6,Dose group 1,M
T105000-6,T105000-6-0015,268,g,14,Dose group 1,M
T105000-6,T105000-6-0015,231,g,7,Dose group 1,M
T105000-6,T105000-6-0015,272,g,15,Dose group 1,M
T105000-6,T105000-6-0015,236,g,8,Dose group 1,M
T105000-6,T105000-6-0015,254,g,11,Dose group 1,M
T105000-6,T105000-6-0028,186,g,-6,Dose group 2,M
T105000-6,T105000-6-0028,223,g,2,Dose group 2,M
T105000-6,T105000-6-0028,231,g,3,Dose group 2,M
T105000-6,T105000-6-0028,239,g,4,Dose group 2,M
T105000-6,T105000-6-0028,228,g,1,Dose group 2,M
T105000-6,T105000-6-0028,310,g,16,Dose group 2,M
T105000-6,T105000-6-0028,272,g,9,Dose group 2,M
T105000-6,T105000-6-0028,312,g,17,Dose group 2,M
T105000-6,T105000-6-0028,320,g,18,Dose group 2,M
T105000-6,T105000-6-0028,334,g,27,Dose group 2,M
T105000-6,T105000-6-0028,314,g,22,Dose group 2,M
T105000-6,T105000-6-0028,278,g,10,Dose group 2,M
T105000-6,T105000-6-0028,320,g,19,Dose group 2,M
T105000-6,T105000-6-0028,324,g,23,Dose group 2,M
T105000-6,T105000-6-0028,320,g,20,Dose group 2,M
T105000-6,T105000-6-0028,320,g,24,Dose group 2,M
T105000-6,T105000-6-0028,344,g,29,Dose group 2,M
T105000-6,T105000-6-0028,327.533,g,29,Dose group 2,M
T105000-6,T105000-6-0028,322,g,21,Dose group 2,M
T105000-6,T105000-6-0028,326,g,25,Dose group 2,M
T105000-6,T105000-6-0028,337,g,28,Dose group 2,M
T105000-6,T105000-6-0028,244,g,5,Dose group 2,M
T105000-6,T105000-6-0028,289,g,12,Dose group 2,M
T105000-6,T105000-6-0028,330,g,26,Dose group 2,M
T105000-6,T105000-6-0028,254,g,6,Dose group 2,M
T105000-6,T105000-6-0028,296,g,13,Dose group 2,M
T105000-6,T105000-6-0028,302,g,14,Dose group 2,M
T105000-6,T105000-6-0028,261,g,7,Dose group 2,M
T105000-6,T105000-6-0028,303,g,15,Dose group 2,M
T105000-6,T105000-6-0028,268,g,8,Dose group 2,M
T105000-6,T105000-6-0028,289,g,11,Dose group 2,M
T105000-6,T105000-6-0058,186,g,1,Dose group 1,F
T105000-6,T105000-6-0058,188,g,2,Dose group 1,F
T105000-6,T105000-6-0058,186,g,4,Dose group 1,F
T105000-6,T105000-6-0058,186,g,3,Dose group 1,F
T105000-6,T105000-6-0058,172,g,-6,Dose group 1,F
T105000-6,T105000-6-0058,210,g,11,Dose group 1,F
T105000-6,T105000-6-0058,211,g,15,Dose group 1,F
T105000-6,T105000-6-0058,193,g,8,Dose group 1,F
T105000-6,T105000-6-0058,206,g,16,Dose group 1,F
T105000-6,T105000-6-0058,216,g,17,Dose group 1,F
T105000-6,T105000-6-0058,203,g,9,Dose group 1,F
T105000-6,T105000-6-0058,220,g,18,Dose group 1,F
T105000-6,T105000-6-0058,223,g,22,Dose group 1,F
T105000-6,T105000-6-0058,225,g,27,Dose group 1,F
T105000-6,T105000-6-0058,218,g,19,Dose group 1,F
T105000-6,T105000-6-0058,217,g,23,Dose group 1,F
T105000-6,T105000-6-0058,226,g,29,Dose group 1,F
T105000-6,T105000-6-0058,224.975,g,30,Dose group 1,F
T105000-6,T105000-6-0058,216,g,28,Dose group 1,F
T105000-6,T105000-6-0058,211,g,20,Dose group 1,F
T105000-6,T105000-6-0058,216,g,24,Dose group 1,F
T105000-6,T105000-6-0058,222,g,21,Dose group 1,F
T105000-6,T105000-6-0058,224,g,25,Dose group 1,F
T105000-6,T105000-6-0058,225,g,26,Dose group 1,F
T105000-6,T105000-6-0058,192,g,5,Dose group 1,F
T105000-6,T105000-6-0058,201,g,12,Dose group 1,F
T105000-6,T105000-6-0058,210,g,13,Dose group 1,F
T105000-6,T105000-6-0058,199,g,6,Dose group 1,F
T105000-6,T105000-6-0058,212,g,14,Dose group 1,F
T105000-6,T105000-6-0058,199,g,7,Dose group 1,F
T105000-6,T105000-6-0058,210,g,10,Dose group 1,F
T105000-6,T105000-6-0053,192,g,1,Dose group 1,F
T105000-6,T105000-6-0053,191,g,2,Dose group 1,F
T105000-6,T105000-6-0053,194,g,4,Dose group 1,F
T105000-6,T105000-6-0053,193,g,3,Dose group 1,F
T105000-6,T105000-6-0053,181,g,-6,Dose group 1,F
T105000-6,T105000-6-0053,214,g,11,Dose group 1,F
T105000-6,T105000-6-0053,219,g,15,Dose group 1,F
T105000-6,T105000-6-0053,206,g,8,Dose group 1,F
T105000-6,T105000-6-0053,220,g,16,Dose group 1,F
T105000-6,T105000-6-0053,202,g,9,Dose group 1,F
T105000-6,T105000-6-0053,215,g,17,Dose group 1,F
T105000-6,T105000-6-0053,222,g,18,Dose group 1,F
T105000-6,T105000-6-0053,224,g,22,Dose group 1,F
T105000-6,T105000-6-0053,228,g,27,Dose group 1,F
T105000-6,T105000-6-0053,209,g,10,Dose group 1,F
T105000-6,T105000-6-0053,224,g,19,Dose group 1,F
T105000-6,T105000-6-0053,217,g,23,Dose group 1,F
T105000-6,T105000-6-0053,227,g,29,Dose group 1,F
T105000-6,T105000-6-0053,222.577,g,30,Dose group 1,F
T105000-6,T105000-6-0053,228,g,28,Dose group 1,F
T105000-6,T105000-6-0053,227,g,20,Dose group 1,F
T105000-6,T105000-6-0053,223,g,24,Dose group 1,F
T105000-6,T105000-6-0053,221,g,21,Dose group 1,F
T105000-6,T105000-6-0053,216,g,25,Dose group 1,F
T105000-6,T105000-6-0053,215,g,12,Dose group 1,F
T105000-6,T105000-6-0053,224,g,26,Dose group 1,F
T105000-6,T105000-6-0053,193,g,5,Dose group 1,F
T105000-6,T105000-6-0053,212,g,13,Dose group 1,F
T105000-6,T105000-6-0053,202,g,6,Dose group 1,F
T105000-6,T105000-6-0053,217,g,14,Dose group 1,F
T105000-6,T105000-6-0053,208,g,7,Dose group 1,F
T105000-6,T105000-6-0061,190,g,1,Dose group 2,F
T105000-6,T105000-6-0061,179,g,4,Dose group 2,F
T105000-6,T105000-6-0061,187,g,2,Dose group 2,F
T105000-6,T105000-6-0061,183,g,3,Dose group 2,F
T105000-6,T105000-6-0061,176,g,-6,Dose group 2,F
T105000-6,T105000-6-0061,200,g,11,Dose group 2,F
T105000-6,T105000-6-0061,210,g,15,Dose group 2,F
T105000-6,T105000-6-0061,190,g,8,Dose group 2,F
T105000-6,T105000-6-0061,203,g,16,Dose group 2,F
T105000-6,T105000-6-0061,206,g,17,Dose group 2,F
T105000-6,T105000-6-0061,198,g,9,Dose group 2,F
T105000-6,T105000-6-0061,209,g,18,Dose group 2,F
T105000-6,T105000-6-0061,213,g,22,Dose group 2,F
T105000-6,T105000-6-0061,211,g,27,Dose group 2,F
T105000-6,T105000-6-0061,210,g,19,Dose group 2,F
T105000-6,T105000-6-0061,197,g,23,Dose group 2,F
T105000-6,T105000-6-0061,216,g,29,Dose group 2,F
T105000-6,T105000-6-0061,208.631,g,30,Dose group 2,F
T105000-6,T105000-6-0061,208,g,28,Dose group 2,F
T105000-6,T105000-6-0061,208,g,20,Dose group 2,F
T105000-6,T105000-6-0061,208,g,24,Dose group 2,F
T105000-6,T105000-6-0061,209,g,21,Dose group 2,F
T105000-6,T105000-6-0061,211,g,25,Dose group 2,F
T105000-6,T105000-6-0061,213,g,26,Dose group 2,F
T105000-6,T105000-6-0061,186,g,5,Dose group 2,F
T105000-6,T105000-6-0061,200,g,12,Dose group 2,F
T105000-6,T105000-6-0061,204,g,13,Dose group 2,F
T105000-6,T105000-6-0061,195,g,6,Dose group 2,F
T105000-6,T105000-6-0061,205,g,14,Dose group 2,F
T105000-6,T105000-6-0061,191,g,7,Dose group 2,F
T105000-6,T105000-6-0061,203,g,10,Dose group 2,F
T105000-6,T105000-6-0068,175,g,1,Dose group 2,F
T105000-6,T105000-6-0068,177,g,4,Dose group 2,F
T105000-6,T105000-6-0068,175,g,2,Dose group 2,F
T105000-6,T105000-6-0068,176,g,3,Dose group 2,F
T105000-6,T105000-6-0068,166,g,-6,Dose group 2,F
T105000-6,T105000-6-0068,197,g,11,Dose group 2,F
T105000-6,T105000-6-0068,201,g,15,Dose group 2,F
T105000-6,T105000-6-0068,189,g,8,Dose group 2,F
T105000-6,T105000-6-0068,201,g,16,Dose group 2,F
T105000-6,T105000-6-0068,199,g,17,Dose group 2,F
T105000-6,T105000-6-0068,189,g,9,Dose group 2,F
T105000-6,T105000-6-0068,206,g,18,Dose group 2,F
T105000-6,T105000-6-0068,215,g,27,Dose group 2,F
T105000-6,T105000-6-0068,212,g,22,Dose group 2,F
T105000-6,T105000-6-0068,210,g,19,Dose group 2,F
T105000-6,T105000-6-0068,199,g,23,Dose group 2,F
T105000-6,T105000-6-0068,213,g,29,Dose group 2,F
T105000-6,T105000-6-0068,205.437,g,30,Dose group 2,F
T105000-6,T105000-6-0068,215,g,28,Dose group 2,F
T105000-6,T105000-6-0068,206,g,20,Dose group 2,F
T105000-6,T105000-6-0068,208,g,24,Dose group 2,F
T105000-6,T105000-6-0068,211,g,21,Dose group 2,F
T105000-6,T105000-6-0068,208,g,25,Dose group 2,F
T105000-6,T105000-6-0068,214,g,26,Dose group 2,F
T105000-6,T105000-6-0068,178,g,5,Dose group 2,F
T105000-6,T105000-6-0068,196,g,12,Dose group 2,F
T105000-6,T105000-6-0068,183,g,6,Dose group 2,F
T105000-6,T105000-6-0068,193,g,13,Dose group 2,F
T105000-6,T105000-6-0068,201,g,14,Dose group 2,F
T105000-6,T105000-6-0068,186,g,7,Dose group 2,F
T105000-6,T105000-6-0068,195,g,10,Dose group 2,F
T105000-6,T105000-6-0021,159,g,-6,Dose group 2,M
T105000-6,T105000-6-0021,200,g,2,Dose group 2,M
T105000-6,T105000-6-0021,209,g,3,Dose group 2,M
T105000-6,T105000-6-0021,208,g,4,Dose group 2,M
T105000-6,T105000-6-0021,203,g,1,Dose group 2,M
T105000-6,T105000-6-0021,271,g,16,Dose group 2,M
T105000-6,T105000-6-0021,233,g,9,Dose group 2,M
T105000-6,T105000-6-0021,272,g,17,Dose group 2,M
T105000-6,T105000-6-0021,277,g,18,Dose group 2,M
T105000-6,T105000-6-0021,277,g,27,Dose group 2,M
T105000-6,T105000-6-0021,240,g,10,Dose group 2,M
T105000-6,T105000-6-0021,276,g,19,Dose group 2,M
T105000-6,T105000-6-0021,272,g,23,Dose group 2,M
T105000-6,T105000-6-0021,281,g,29,Dose group 2,M
T105000-6,T105000-6-0021,267.659,g,29,Dose group 2,M
T105000-6,T105000-6-0021,271,g,20,Dose group 2,M
T105000-6,T105000-6-0021,274,g,24,Dose group 2,M
T105000-6,T105000-6-0021,273,g,21,Dose group 2,M
T105000-6,T105000-6-0021,277,g,25,Dose group 2,M
T105000-6,T105000-6-0021,279,g,28,Dose group 2,M
T105000-6,T105000-6-0021,257,g,22,Dose group 2,M
T105000-6,T105000-6-0021,278,g,26,Dose group 2,M
T105000-6,T105000-6-0021,210,g,5,Dose group 2,M
T105000-6,T105000-6-0021,253,g,12,Dose group 2,M
T105000-6,T105000-6-0021,258,g,13,Dose group 2,M
T105000-6,T105000-6-0021,216,g,6,Dose group 2,M
T105000-6,T105000-6-0021,261,g,14,Dose group 2,M
T105000-6,T105000-6-0021,224,g,7,Dose group 2,M
T105000-6,T105000-6-0021,264,g,15,Dose group 2,M
T105000-6,T105000-6-0021,234,g,8,Dose group 2,M
T105000-6,T105000-6-0021,252,g,11,Dose group 2,M
T105000-6,T105000-6-0054,187,g,1,Dose group 1,F
T105000-6,T105000-6-0054,186,g,2,Dose group 1,F
T105000-6,T105000-6-0054,182,g,4,Dose group 1,F
T105000-6,T105000-6-0054,176,g,3,Dose group 1,F
T105000-6,T105000-6-0054,166,g,-6,Dose group 1,F
T105000-6,T105000-6-0054,192,g,11,Dose group 1,F
T105000-6,T105000-6-0054,198,g,15,Dose group 1,F
T105000-6,T105000-6-0054,192,g,8,Dose group 1,F
T105000-6,T105000-6-0054,206,g,16,Dose group 1,F
T105000-6,T105000-6-0054,196,g,9,Dose group 1,F
T105000-6,T105000-6-0054,211,g,17,Dose group 1,F
T105000-6,T105000-6-0054,214,g,18,Dose group 1,F
T105000-6,T105000-6-0054,214,g,22,Dose group 1,F
T105000-6,T105000-6-0054,208,g,27,Dose group 1,F
T105000-6,T105000-6-0054,196,g,10,Dose group 1,F
T105000-6,T105000-6-0054,203,g,19,Dose group 1,F
T105000-6,T105000-6-0054,198,g,23,Dose group 1,F
T105000-6,T105000-6-0054,222,g,29,Dose group 1,F
T105000-6,T105000-6-0054,211.524,g,30,Dose group 1,F
T105000-6,T105000-6-0054,216,g,28,Dose group 1,F
T105000-6,T105000-6-0054,213,g,20,Dose group 1,F
T105000-6,T105000-6-0054,211,g,24,Dose group 1,F
T105000-6,T105000-6-0054,216,g,21,Dose group 1,F
T105000-6,T105000-6-0054,213,g,25,Dose group 1,F
T105000-6,T105000-6-0054,200,g,12,Dose group 1,F
T105000-6,T105000-6-0054,216,g,26,Dose group 1,F
T105000-6,T105000-6-0054,188,g,5,Dose group 1,F
T105000-6,T105000-6-0054,203,g,13,Dose group 1,F
T105000-6,T105000-6-0054,191,g,6,Dose group 1,F
T105000-6,T105000-6-0054,206,g,14,Dose group 1,F
T105000-6,T105000-6-0054,183,g,7,Dose group 1,F
T105000-6,T105000-6-0070,213,g,30,Dose group 2,F
T105000-6,T105000-6-0070,177,g,1,Dose group 2,F
T105000-6,T105000-6-0070,171,g,3,Dose group 2,F
T105000-6,T105000-6-0070,174,g,4,Dose group 2,F
T105000-6,T105000-6-0070,171,g,2,Dose group 2,F
T105000-6,T105000-6-0070,161,g,-6,Dose group 2,F
T105000-6,T105000-6-0070,193,g,11,Dose group 2,F
T105000-6,T105000-6-0070,200,g,15,Dose group 2,F
T105000-6,T105000-6-0070,184,g,8,Dose group 2,F
T105000-6,T105000-6-0070,202,g,16,Dose group 2,F
T105000-6,T105000-6-0070,202,g,17,Dose group 2,F
T105000-6,T105000-6-0070,208,g,26,Dose group 2,F
T105000-6,T105000-6-0070,190,g,9,Dose group 2,F
T105000-6,T105000-6-0070,211,g,27,Dose group 2,F
T105000-6,T105000-6-0070,200,g,18,Dose group 2,F
T105000-6,T105000-6-0070,206,g,22,Dose group 2,F
T105000-6,T105000-6-0070,203,g,19,Dose group 2,F
T105000-6,T105000-6-0070,199,g,23,Dose group 2,F
T105000-6,T105000-6-0070,221,g,29,Dose group 2,F
T105000-6,T105000-6-0070,208.217,g,31,Dose group 2,F
T105000-6,T105000-6-0070,217,g,28,Dose group 2,F
T105000-6,T105000-6-0070,208,g,20,Dose group 2,F
T105000-6,T105000-6-0070,211,g,24,Dose group 2,F
T105000-6,T105000-6-0070,204,g,21,Dose group 2,F
T105000-6,T105000-6-0070,211,g,25,Dose group 2,F
T105000-6,T105000-6-0070,169,g,5,Dose group 2,F
T105000-6,T105000-6-0070,197,g,12,Dose group 2,F
T105000-6,T105000-6-0070,180,g,6,Dose group 2,F
T105000-6,T105000-6-0070,196,g,13,Dose group 2,F
T105000-6,T105000-6-0070,192,g,14,Dose group 2,F
T105000-6,T105000-6-0070,190,g,7,Dose group 2,F
T105000-6,T105000-6-0070,189,g,10,Dose group 2,F
T105000-6,T105000-6-0025,168,g,-6,Dose group 2,M
T105000-6,T105000-6-0025,202,g,2,Dose group 2,M
T105000-6,T105000-6-0025,204,g,3,Dose group 2,M
T105000-6,T105000-6-0025,213,g,4,Dose group 2,M
T105000-6,T105000-6-0025,204,g,1,Dose group 2,M
T105000-6,T105000-6-0025,265,g,16,Dose group 2,M
T105000-6,T105000-6-0025,234,g,9,Dose group 2,M
T105000-6,T105000-6-0025,264,g,17,Dose group 2,M
T105000-6,T105000-6-0025,273,g,18,Dose group 2,M
T105000-6,T105000-6-0025,287,g,27,Dose group 2,M
T105000-6,T105000-6-0025,241,g,10,Dose group 2,M
T105000-6,T105000-6-0025,262,g,22,Dose group 2,M
T105000-6,T105000-6-0025,275,g,19,Dose group 2,M
T105000-6,T105000-6-0025,273,g,23,Dose group 2,M
T105000-6,T105000-6-0025,291,g,29,Dose group 2,M
T105000-6,T105000-6-0025,278.976,g,29,Dose group 2,M
T105000-6,T105000-6-0025,274,g,20,Dose group 2,M
T105000-6,T105000-6-0025,273,g,24,Dose group 2,M
T105000-6,T105000-6-0025,271,g,21,Dose group 2,M
T105000-6,T105000-6-0025,278,g,25,Dose group 2,M
T105000-6,T105000-6-0025,285,g,28,Dose group 2,M
T105000-6,T105000-6-0025,285,g,26,Dose group 2,M
T105000-6,T105000-6-0025,214,g,5,Dose group 2,M
T105000-6,T105000-6-0025,250,g,12,Dose group 2,M
T105000-6,T105000-6-0025,254,g,13,Dose group 2,M
T105000-6,T105000-6-0025,219,g,6,Dose group 2,M
T105000-6,T105000-6-0025,257,g,14,Dose group 2,M
T105000-6,T105000-6-0025,226,g,7,Dose group 2,M
T105000-6,T105000-6-0025,259,g,15,Dose group 2,M
T105000-6,T105000-6-0025,231,g,8,Dose group 2,M
T105000-6,T105000-6-0025,248,g,11,Dose group 2,M
T105000-6,T105000-6-0027,163,g,-6,Dose group 2,M
T105000-6,T105000-6-0027,208,g,2,Dose group 2,M
T105000-6,T105000-6-0027,217,g,3,Dose group 2,M
T105000-6,T105000-6-0027,224,g,4,Dose group 2,M
T105000-6,T105000-6-0027,215,g,1,Dose group 2,M
T105000-6,T105000-6-0027,292,g,16,Dose group 2,M
T105000-6,T105000-6-0027,256,g,9,Dose group 2,M
T105000-6,T105000-6-0027,293,g,17,Dose group 2,M
T105000-6,T105000-6-0027,304,g,18,Dose group 2,M
T105000-6,T105000-6-0027,314,g,27,Dose group 2,M
T105000-6,T105000-6-0027,294,g,22,Dose group 2,M
T105000-6,T105000-6-0027,260,g,10,Dose group 2,M
T105000-6,T105000-6-0027,303,g,19,Dose group 2,M
T105000-6,T105000-6-0027,303,g,23,Dose group 2,M
T105000-6,T105000-6-0027,324,g,29,Dose group 2,M
T105000-6,T105000-6-0027,312.989,g,29,Dose group 2,M
T105000-6,T105000-6-0027,301,g,20,Dose group 2,M
T105000-6,T105000-6-0027,304,g,24,Dose group 2,M
T105000-6,T105000-6-0027,304,g,21,Dose group 2,M
T105000-6,T105000-6-0027,307,g,25,Dose group 2,M
T105000-6,T105000-6-0027,315,g,28,Dose group 2,M
T105000-6,T105000-6-0027,229,g,5,Dose group 2,M
T105000-6,T105000-6-0027,273,g,12,Dose group 2,M
T105000-6,T105000-6-0027,307,g,26,Dose group 2,M
T105000-6,T105000-6-0027,236,g,6,Dose group 2,M
T105000-6,T105000-6-0027,275,g,13,Dose group 2,M
T105000-6,T105000-6-0027,281,g,14,Dose group 2,M
T105000-6,T105000-6-0027,245,g,7,Dose group 2,M
T105000-6,T105000-6-0027,286,g,15,Dose group 2,M
T105000-6,T105000-6-0027,250,g,8,Dose group 2,M
T105000-6,T105000-6-0027,269,g,11,Dose group 2,M
T105000-6,T105000-6-0055,174,g,1,Dose group 1,F
T105000-6,T105000-6-0055,173,g,2,Dose group 1,F
T105000-6,T105000-6-0055,175,g,4,Dose group 1,F
T105000-6,T105000-6-0055,170,g,3,Dose group 1,F
T105000-6,T105000-6-0055,157,g,-6,Dose group 1,F
T105000-6,T105000-6-0055,186,g,11,Dose group 1,F
T105000-6,T105000-6-0055,190,g,15,Dose group 1,F
T105000-6,T105000-6-0055,183,g,8,Dose group 1,F
T105000-6,T105000-6-0055,195,g,16,Dose group 1,F
T105000-6,T105000-6-0055,185,g,9,Dose group 1,F
T105000-6,T105000-6-0055,196,g,17,Dose group 1,F
T105000-6,T105000-6-0055,199,g,18,Dose group 1,F
T105000-6,T105000-6-0055,198,g,22,Dose group 1,F
T105000-6,T105000-6-0055,195,g,27,Dose group 1,F
T105000-6,T105000-6-0055,188,g,10,Dose group 1,F
T105000-6,T105000-6-0055,194,g,19,Dose group 1,F
T105000-6,T105000-6-0055,186,g,23,Dose group 1,F
T105000-6,T105000-6-0055,207,g,29,Dose group 1,F
T105000-6,T105000-6-0055,197.219,g,30,Dose group 1,F
T105000-6,T105000-6-0055,202,g,28,Dose group 1,F
T105000-6,T105000-6-0055,196,g,20,Dose group 1,F
T105000-6,T105000-6-0055,197,g,24,Dose group 1,F
T105000-6,T105000-6-0055,199,g,21,Dose group 1,F
T105000-6,T105000-6-0055,198,g,25,Dose group 1,F
T105000-6,T105000-6-0055,190,g,12,Dose group 1,F
T105000-6,T105000-6-0055,199,g,26,Dose group 1,F
T105000-6,T105000-6-0055,177,g,5,Dose group 1,F
T105000-6,T105000-6-0055,191,g,13,Dose group 1,F
T105000-6,T105000-6-0055,183,g,6,Dose group 1,F
T105000-6,T105000-6-0055,194,g,14,Dose group 1,F
T105000-6,T105000-6-0055,178,g,7,Dose group 1,F
T105000-6,T105000-6-0067,179,g,1,Dose group 2,F
T105000-6,T105000-6-0067,178,g,4,Dose group 2,F
T105000-6,T105000-6-0067,177,g,2,Dose group 2,F
T105000-6,T105000-6-0067,181,g,3,Dose group 2,F
T105000-6,T105000-6-0067,168,g,-6,Dose group 2,F
T105000-6,T105000-6-0067,197,g,11,Dose group 2,F
T105000-6,T105000-6-0067,202,g,15,Dose group 2,F
T105000-6,T105000-6-0067,189,g,8,Dose group 2,F
T105000-6,T105000-6-0067,205,g,16,Dose group 2,F
T105000-6,T105000-6-0067,201,g,17,Dose group 2,F
T105000-6,T105000-6-0067,186,g,9,Dose group 2,F
T105000-6,T105000-6-0067,206,g,18,Dose group 2,F
T105000-6,T105000-6-0067,213,g,27,Dose group 2,F
T105000-6,T105000-6-0067,208,g,22,Dose group 2,F
T105000-6,T105000-6-0067,210,g,19,Dose group 2,F
T105000-6,T105000-6-0067,201,g,23,Dose group 2,F
T105000-6,T105000-6-0067,215,g,29,Dose group 2,F
T105000-6,T105000-6-0067,205.383,g,30,Dose group 2,F
T105000-6,T105000-6-0067,213,g,28,Dose group 2,F
T105000-6,T105000-6-0067,208,g,20,Dose group 2,F
T105000-6,T105000-6-0067,207,g,24,Dose group 2,F
T105000-6,T105000-6-0067,206,g,21,Dose group 2,F
T105000-6,T105000-6-0067,203,g,25,Dose group 2,F
T105000-6,T105000-6-0067,209,g,26,Dose group 2,F
T105000-6,T105000-6-0067,179,g,5,Dose group 2,F
T105000-6,T105000-6-0067,195,g,12,Dose group 2,F
T105000-6,T105000-6-0067,187,g,6,Dose group 2,F
T105000-6,T105000-6-0067,194,g,13,Dose group 2,F
T105000-6,T105000-6-0067,200,g,14,Dose group 2,F
T105000-6,T105000-6-0067,187,g,7,Dose group 2,F
T105000-6,T105000-6-0067,192,g,10,Dose group 2,F
T105000-6,T105000-6-0029,168,g,-6,Dose group 2,M
T105000-6,T105000-6-0029,206,g,2,Dose group 2,M
T105000-6,T105000-6-0029,213,g,3,Dose group 2,M
T105000-6,T105000-6-0029,220,g,4,Dose group 2,M
T105000-6,T105000-6-0029,206,g,1,Dose group 2,M
T105000-6,T105000-6-0029,282,g,16,Dose group 2,M
T105000-6,T105000-6-0029,251,g,9,Dose group 2,M
T105000-6,T105000-6-0029,286,g,17,Dose group 2,M
T105000-6,T105000-6-0029,304,g,27,Dose group 2,M
T105000-6,T105000-6-0029,290,g,18,Dose group 2,M
T105000-6,T105000-6-0029,274,g,22,Dose group 2,M
T105000-6,T105000-6-0029,253,g,10,Dose group 2,M
T105000-6,T105000-6-0029,291,g,19,Dose group 2,M
T105000-6,T105000-6-0029,290,g,23,Dose group 2,M
T105000-6,T105000-6-0029,304,g,30,Dose group 2,M
T105000-6,T105000-6-0029,295,g,20,Dose group 2,M
T105000-6,T105000-6-0029,289,g,24,Dose group 2,M
T105000-6,T105000-6-0029,305,g,29,Dose group 2,M
T105000-6,T105000-6-0029,296.884,g,31,Dose group 2,M
T105000-6,T105000-6-0029,289,g,21,Dose group 2,M
T105000-6,T105000-6-0029,292,g,25,Dose group 2,M
T105000-6,T105000-6-0029,300,g,28,Dose group 2,M
T105000-6,T105000-6-0029,225,g,5,Dose group 2,M
T105000-6,T105000-6-0029,266,g,12,Dose group 2,M
T105000-6,T105000-6-0029,296,g,26,Dose group 2,M
T105000-6,T105000-6-0029,232,g,6,Dose group 2,M
T105000-6,T105000-6-0029,269,g,13,Dose group 2,M
T105000-6,T105000-6-0029,275,g,14,Dose group 2,M
T105000-6,T105000-6-0029,238,g,7,Dose group 2,M
T105000-6,T105000-6-0029,279,g,15,Dose group 2,M
T105000-6,T105000-6-0029,247,g,8,Dose group 2,M
T105000-6,T105000-6-0029,263,g,11,Dose group 2,M
T105000-6,T105000-6-0039,165,g,-6,Dose group 3,M
T105000-6,T105000-6-0039,281,g,30,Dose group 3,M
T105000-6,T105000-6-0039,203,g,1,Dose group 3,M
T105000-6,T105000-6-0039,197,g,2,Dose group 3,M
T105000-6,T105000-6-0039,198,g,3,Dose group 3,M
T105000-6,T105000-6-0039,195,g,4,Dose group 3,M
T105000-6,T105000-6-0039,249,g,16,Dose group 3,M
T105000-6,T105000-6-0039,210,g,9,Dose group 3,M
T105000-6,T105000-6-0039,246,g,17,Dose group 3,M
T105000-6,T105000-6-0039,260,g,18,Dose group 3,M
T105000-6,T105000-6-0039,247,g,22,Dose group 3,M
T105000-6,T105000-6-0039,276,g,27,Dose group 3,M
T105000-6,T105000-6-0039,211,g,10,Dose group 3,M
T105000-6,T105000-6-0039,261,g,19,Dose group 3,M
T105000-6,T105000-6-0039,256,g,23,Dose group 3,M
T105000-6,T105000-6-0039,255,g,20,Dose group 3,M
T105000-6,T105000-6-0039,257,g,24,Dose group 3,M
T105000-6,T105000-6-0039,276,g,29,Dose group 3,M
T105000-6,T105000-6-0039,268.614,g,31,Dose group 3,M
T105000-6,T105000-6-0039,261,g,21,Dose group 3,M
T105000-6,T105000-6-0039,266,g,25,Dose group 3,M
T105000-6,T105000-6-0039,277,g,28,Dose group 3,M
T105000-6,T105000-6-0039,189,g,5,Dose group 3,M
T105000-6,T105000-6-0039,226,g,12,Dose group 3,M
T105000-6,T105000-6-0039,272,g,26,Dose group 3,M
T105000-6,T105000-6-0039,231,g,13,Dose group 3,M
T105000-6,T105000-6-0039,193,g,6,Dose group 3,M
T105000-6,T105000-6-0039,199,g,7,Dose group 3,M
T105000-6,T105000-6-0039,239,g,14,Dose group 3,M
T105000-6,T105000-6-0039,241,g,15,Dose group 3,M
T105000-6,T105000-6-0039,206,g,8,Dose group 3,M
T105000-6,T105000-6-0039,219,g,11,Dose group 3,M
T105000-6,T105000-6-0059,181,g,1,Dose group 1,F
T105000-6,T105000-6-0059,174,g,2,Dose group 1,F
T105000-6,T105000-6-0059,185,g,4,Dose group 1,F
T105000-6,T105000-6-0059,180,g,3,Dose group 1,F
T105000-6,T105000-6-0059,170,g,-6,Dose group 1,F
T105000-6,T105000-6-0059,196,g,11,Dose group 1,F
T105000-6,T105000-6-0059,204,g,15,Dose group 1,F
T105000-6,T105000-6-0059,189,g,8,Dose group 1,F
T105000-6,T105000-6-0059,204,g,16,Dose group 1,F
T105000-6,T105000-6-0059,208,g,17,Dose group 1,F
T105000-6,T105000-6-0059,194,g,9,Dose group 1,F
T105000-6,T105000-6-0059,202,g,18,Dose group 1,F
T105000-6,T105000-6-0059,202,g,22,Dose group 1,F
T105000-6,T105000-6-0059,218,g,27,Dose group 1,F
T105000-6,T105000-6-0059,211,g,19,Dose group 1,F
T105000-6,T105000-6-0059,201,g,23,Dose group 1,F
T105000-6,T105000-6-0059,222,g,29,Dose group 1,F
T105000-6,T105000-6-0059,208.808,g,30,Dose group 1,F
T105000-6,T105000-6-0059,219,g,28,Dose group 1,F
T105000-6,T105000-6-0059,216,g,20,Dose group 1,F
T105000-6,T105000-6-0059,214,g,24,Dose group 1,F
T105000-6,T105000-6-0059,212,g,21,Dose group 1,F
T105000-6,T105000-6-0059,213,g,25,Dose group 1,F
T105000-6,T105000-6-0059,208,g,26,Dose group 1,F
T105000-6,T105000-6-0059,184,g,5,Dose group 1,F
T105000-6,T105000-6-0059,198,g,12,Dose group 1,F
T105000-6,T105000-6-0059,199,g,13,Dose group 1,F
T105000-6,T105000-6-0059,184,g,6,Dose group 1,F
T105000-6,T105000-6-0059,195,g,14,Dose group 1,F
T105000-6,T105000-6-0059,186,g,7,Dose group 1,F
T105000-6,T105000-6-0059,190,g,10,Dose group 1,F
T105000-6,T105000-6-0078,,,,Dose group 3,F
T105000-6,T105000-6-0078,178,g,1,Dose group 3,F
T105000-6,T105000-6-0078,170,g,2,Dose group 3,F
T105000-6,T105000-6-0078,168,g,3,Dose group 3,F
T105000-6,T105000-6-0078,173,g,4,Dose group 3,F
T105000-6,T105000-6-0078,161,g,-6,Dose group 3,F
T105000-6,T105000-6-0078,171,g,5,Dose group 3,F
T105000-6,T105000-6-0011,168,g,-6,Dose group 1,M
T105000-6,T105000-6-0011,195,g,2,Dose group 1,M
T105000-6,T105000-6-0011,200,g,3,Dose group 1,M
T105000-6,T105000-6-0011,208,g,4,Dose group 1,M
T105000-6,T105000-6-0011,196,g,1,Dose group 1,M
T105000-6,T105000-6-0011,238,g,12,Dose group 1,M
T105000-6,T105000-6-0011,252,g,16,Dose group 1,M
T105000-6,T105000-6-0011,228,g,9,Dose group 1,M
T105000-6,T105000-6-0011,254,g,17,Dose group 1,M
T105000-6,T105000-6-0011,259,g,18,Dose group 1,M
T105000-6,T105000-6-0011,274,g,27,Dose group 1,M
T105000-6,T105000-6-0011,232,g,10,Dose group 1,M
T105000-6,T105000-6-0011,262,g,19,Dose group 1,M
T105000-6,T105000-6-0011,264,g,23,Dose group 1,M
T105000-6,T105000-6-0011,282,g,29,Dose group 1,M
T105000-6,T105000-6-0011,270.088,g,29,Dose group 1,M
T105000-6,T105000-6-0011,259,g,20,Dose group 1,M
T105000-6,T105000-6-0011,268,g,24,Dose group 1,M
T105000-6,T105000-6-0011,260,g,21,Dose group 1,M
T105000-6,T105000-6-0011,271,g,25,Dose group 1,M
T105000-6,T105000-6-0011,276,g,28,Dose group 1,M
T105000-6,T105000-6-0011,248,g,22,Dose group 1,M
T105000-6,T105000-6-0011,274,g,26,Dose group 1,M
T105000-6,T105000-6-0011,209,g,5,Dose group 1,M
T105000-6,T105000-6-0011,245,g,13,Dose group 1,M
T105000-6,T105000-6-0011,212,g,6,Dose group 1,M
T105000-6,T105000-6-0011,248,g,14,Dose group 1,M
T105000-6,T105000-6-0011,221,g,7,Dose group 1,M
T105000-6,T105000-6-0011,223,g,8,Dose group 1,M
T105000-6,T105000-6-0011,252,g,15,Dose group 1,M
T105000-6,T105000-6-0011,238,g,11,Dose group 1,M
T105000-6,T105000-6-0060,181,g,1,Dose group 1,F
T105000-6,T105000-6-0060,183,g,2,Dose group 1,F
T105000-6,T105000-6-0060,174,g,4,Dose group 1,F
T105000-6,T105000-6-0060,179,g,3,Dose group 1,F
T105000-6,T105000-6-0060,175,g,-6,Dose group 1,F
T105000-6,T105000-6-0060,199,g,11,Dose group 1,F
T105000-6,T105000-6-0060,203,g,15,Dose group 1,F
T105000-6,T105000-6-0060,186,g,8,Dose group 1,F
T105000-6,T105000-6-0060,200,g,16,Dose group 1,F
T105000-6,T105000-6-0060,209,g,17,Dose group 1,F
T105000-6,T105000-6-0060,194,g,9,Dose group 1,F
T105000-6,T105000-6-0060,210,g,18,Dose group 1,F
T105000-6,T105000-6-0060,211,g,22,Dose group 1,F
T105000-6,T105000-6-0060,214,g,27,Dose group 1,F
T105000-6,T105000-6-0060,211,g,19,Dose group 1,F
T105000-6,T105000-6-0060,203,g,23,Dose group 1,F
T105000-6,T105000-6-0060,221,g,29,Dose group 1,F
T105000-6,T105000-6-0060,216.498,g,30,Dose group 1,F
T105000-6,T105000-6-0060,210,g,28,Dose group 1,F
T105000-6,T105000-6-0060,201,g,20,Dose group 1,F
T105000-6,T105000-6-0060,203,g,24,Dose group 1,F
T105000-6,T105000-6-0060,209,g,21,Dose group 1,F
T105000-6,T105000-6-0060,212,g,25,Dose group 1,F
T105000-6,T105000-6-0060,215,g,26,Dose group 1,F
T105000-6,T105000-6-0060,182,g,5,Dose group 1,F
T105000-6,T105000-6-0060,194,g,12,Dose group 1,F
T105000-6,T105000-6-0060,201,g,13,Dose group 1,F
T105000-6,T105000-6-0060,190,g,6,Dose group 1,F
T105000-6,T105000-6-0060,204,g,14,Dose group 1,F
T105000-6,T105000-6-0060,190,g,7,Dose group 1,F
T105000-6,T105000-6-0060,197,g,10,Dose group 1,F
T105000-6,T105000-6-0062,174,g,1,Dose group 2,F
T105000-6,T105000-6-0062,170,g,4,Dose group 2,F
T105000-6,T105000-6-0062,175,g,2,Dose group 2,F
T105000-6,T105000-6-0062,172,g,3,Dose group 2,F
T105000-6,T105000-6-0062,170,g,-6,Dose group 2,F
T105000-6,T105000-6-0062,188,g,11,Dose group 2,F
T105000-6,T105000-6-0062,201,g,15,Dose group 2,F
T105000-6,T105000-6-0062,183,g,8,Dose group 2,F
T105000-6,T105000-6-0062,197,g,16,Dose group 2,F
T105000-6,T105000-6-0062,194,g,17,Dose group 2,F
T105000-6,T105000-6-0062,179,g,9,Dose group 2,F
T105000-6,T105000-6-0062,202,g,18,Dose group 2,F
T105000-6,T105000-6-0062,206,g,22,Dose group 2,F
T105000-6,T105000-6-0062,207,g,27,Dose group 2,F
T105000-6,T105000-6-0062,204,g,19,Dose group 2,F
T105000-6,T105000-6-0062,196,g,23,Dose group 2,F
T105000-6,T105000-6-0062,199,g,29,Dose group 2,F
T105000-6,T105000-6-0062,199.856,g,30,Dose group 2,F
T105000-6,T105000-6-0062,209,g,28,Dose group 2,F
T105000-6,T105000-6-0062,206,g,20,Dose group 2,F
T105000-6,T105000-6-0062,203,g,24,Dose group 2,F
T105000-6,T105000-6-0062,202,g,21,Dose group 2,F
T105000-6,T105000-6-0062,200,g,25,Dose group 2,F
T105000-6,T105000-6-0062,206,g,26,Dose group 2,F
T105000-6,T105000-6-0062,169,g,5,Dose group 2,F
T105000-6,T105000-6-0062,194,g,12,Dose group 2,F
T105000-6,T105000-6-0062,188,g,13,Dose group 2,F
T105000-6,T105000-6-0062,181,g,6,Dose group 2,F
T105000-6,T105000-6-0062,197,g,14,Dose group 2,F
T105000-6,T105000-6-0062,182,g,7,Dose group 2,F
T105000-6,T105000-6-0062,187,g,10,Dose group 2,F
T105000-6,T105000-6-0065,191,g,1,Dose group 2,F
T105000-6,T105000-6-0065,186,g,4,Dose group 2,F
T105000-6,T105000-6-0065,189,g,2,Dose group 2,F
T105000-6,T105000-6-0065,189,g,3,Dose group 2,F
T105000-6,T105000-6-0065,183,g,-6,Dose group 2,F
T105000-6,T105000-6-0065,211,g,11,Dose group 2,F
T105000-6,T105000-6-0065,219,g,15,Dose group 2,F
T105000-6,T105000-6-0065,195,g,8,Dose group 2,F
T105000-6,T105000-6-0065,214,g,16,Dose group 2,F
T105000-6,T105000-6-0065,218,g,17,Dose group 2,F
T105000-6,T105000-6-0065,200,g,9,Dose group 2,F
T105000-6,T105000-6-0065,218,g,18,Dose group 2,F
T105000-6,T105000-6-0065,224,g,22,Dose group 2,F
T105000-6,T105000-6-0065,227,g,27,Dose group 2,F
T105000-6,T105000-6-0065,222,g,19,Dose group 2,F
T105000-6,T105000-6-0065,215,g,23,Dose group 2,F
T105000-6,T105000-6-0065,232,g,29,Dose group 2,F
T105000-6,T105000-6-0065,218.693,g,30,Dose group 2,F
T105000-6,T105000-6-0065,225,g,28,Dose group 2,F
T105000-6,T105000-6-0065,217,g,20,Dose group 2,F
T105000-6,T105000-6-0065,220,g,24,Dose group 2,F
T105000-6,T105000-6-0065,222,g,21,Dose group 2,F
T105000-6,T105000-6-0065,218,g,25,Dose group 2,F
T105000-6,T105000-6-0065,224,g,26,Dose group 2,F
T105000-6,T105000-6-0065,193,g,5,Dose group 2,F
T105000-6,T105000-6-0065,205,g,12,Dose group 2,F
T105000-6,T105000-6-0065,210,g,13,Dose group 2,F
T105000-6,T105000-6-0065,197,g,6,Dose group 2,F
T105000-6,T105000-6-0065,213,g,14,Dose group 2,F
T105000-6,T105000-6-0065,198,g,7,Dose group 2,F
T105000-6,T105000-6-0065,207,g,10,Dose group 2,F
T105000-6,T105000-6-0031,165,g,-6,Dose group 3,M
T105000-6,T105000-6-0031,202,g,1,Dose group 3,M
T105000-6,T105000-6-0031,197,g,2,Dose group 3,M
T105000-6,T105000-6-0031,197,g,3,Dose group 3,M
T105000-6,T105000-6-0031,192,g,4,Dose group 3,M
T105000-6,T105000-6-0031,270,g,16,Dose group 3,M
T105000-6,T105000-6-0031,224,g,9,Dose group 3,M
T105000-6,T105000-6-0031,269,g,17,Dose group 3,M
T105000-6,T105000-6-0031,300,g,27,Dose group 3,M
T105000-6,T105000-6-0031,278,g,18,Dose group 3,M
T105000-6,T105000-6-0031,274,g,22,Dose group 3,M
T105000-6,T105000-6-0031,229,g,10,Dose group 3,M
T105000-6,T105000-6-0031,281,g,19,Dose group 3,M
T105000-6,T105000-6-0031,282,g,23,Dose group 3,M
T105000-6,T105000-6-0031,303,g,30,Dose group 3,M
T105000-6,T105000-6-0031,279,g,20,Dose group 3,M
T105000-6,T105000-6-0031,283,g,24,Dose group 3,M
T105000-6,T105000-6-0031,299,g,29,Dose group 3,M
T105000-6,T105000-6-0031,294.727,g,31,Dose group 3,M
T105000-6,T105000-6-0031,287,g,21,Dose group 3,M
T105000-6,T105000-6-0031,282,g,25,Dose group 3,M
T105000-6,T105000-6-0031,303,g,28,Dose group 3,M
T105000-6,T105000-6-0031,192,g,5,Dose group 3,M
T105000-6,T105000-6-0031,244,g,12,Dose group 3,M
T105000-6,T105000-6-0031,291,g,26,Dose group 3,M
T105000-6,T105000-6-0031,208,g,6,Dose group 3,M
T105000-6,T105000-6-0031,249,g,13,Dose group 3,M
T105000-6,T105000-6-0031,259,g,14,Dose group 3,M
T105000-6,T105000-6-0031,216,g,7,Dose group 3,M
T105000-6,T105000-6-0031,262,g,15,Dose group 3,M
T105000-6,T105000-6-0031,221,g,8,Dose group 3,M
T105000-6,T105000-6-0031,243,g,11,Dose group 3,M
T105000-6,T105000-6-0032,158,g,-6,Dose group 3,M
T105000-6,T105000-6-0032,194,g,1,Dose group 3,M
T105000-6,T105000-6-0032,193,g,2,Dose group 3,M
T105000-6,T105000-6-0032,193,g,3,Dose group 3,M
T105000-6,T105000-6-0032,193,g,4,Dose group 3,M
T105000-6,T105000-6-0032,244,g,16,Dose group 3,M
T105000-6,T105000-6-0032,210,g,9,Dose group 3,M
T105000-6,T105000-6-0032,245,g,17,Dose group 3,M
T105000-6,T105000-6-0032,255,g,18,Dose group 3,M
T105000-6,T105000-6-0032,246,g,22,Dose group 3,M
T105000-6,T105000-6-0032,280,g,27,Dose group 3,M
T105000-6,T105000-6-0032,215,g,10,Dose group 3,M
T105000-6,T105000-6-0032,255,g,19,Dose group 3,M
T105000-6,T105000-6-0032,253,g,23,Dose group 3,M
T105000-6,T105000-6-0032,287,g,30,Dose group 3,M
T105000-6,T105000-6-0032,256,g,20,Dose group 3,M
T105000-6,T105000-6-0032,257,g,24,Dose group 3,M
T105000-6,T105000-6-0032,281,g,29,Dose group 3,M
T105000-6,T105000-6-0032,275.999,g,31,Dose group 3,M
T105000-6,T105000-6-0032,258,g,21,Dose group 3,M
T105000-6,T105000-6-0032,267,g,25,Dose group 3,M
T105000-6,T105000-6-0032,282,g,28,Dose group 3,M
T105000-6,T105000-6-0032,191,g,5,Dose group 3,M
T105000-6,T105000-6-0032,221,g,12,Dose group 3,M
T105000-6,T105000-6-0032,274,g,26,Dose group 3,M
T105000-6,T105000-6-0032,188,g,6,Dose group 3,M
T105000-6,T105000-6-0032,229,g,13,Dose group 3,M
T105000-6,T105000-6-0032,228,g,14,Dose group 3,M
T105000-6,T105000-6-0032,191,g,7,Dose group 3,M
T105000-6,T105000-6-0032,236,g,15,Dose group 3,M
T105000-6,T105000-6-0032,200,g,8,Dose group 3,M
T105000-6,T105000-6-0032,223,g,11,Dose group 3,M
T105000-6,T105000-6-0006,164,g,-6,Control,M
T105000-6,T105000-6-0006,202,g,2,Control,M
T105000-6,T105000-6-0006,211,g,3,Control,M
T105000-6,T105000-6-0006,219,g,4,Control,M
T105000-6,T105000-6-0006,226,g,5,Control,M
T105000-6,T105000-6-0006,208,g,1,Control,M
T105000-6,T105000-6-0006,259,g,12,Control,M
T105000-6,T105000-6-0006,277,g,16,Control,M
T105000-6,T105000-6-0006,245,g,9,Control,M
T105000-6,T105000-6-0006,276,g,17,Control,M
T105000-6,T105000-6-0006,284,g,18,Control,M
T105000-6,T105000-6-0006,303,g,27,Control,M
T105000-6,T105000-6-0006,251,g,10,Control,M
T105000-6,T105000-6-0006,286,g,19,Control,M
T105000-6,T105000-6-0006,292,g,23,Control,M
T105000-6,T105000-6-0006,285,g,20,Control,M
T105000-6,T105000-6-0006,292,g,24,Control,M
T105000-6,T105000-6-0006,310,g,29,Control,M
T105000-6,T105000-6-0006,299.403,g,29,Control,M
T105000-6,T105000-6-0006,284,g,21,Control,M
T105000-6,T105000-6-0006,292,g,25,Control,M
T105000-6,T105000-6-0006,305,g,28,Control,M
T105000-6,T105000-6-0006,276,g,22,Control,M
T105000-6,T105000-6-0006,299,g,26,Control,M
T105000-6,T105000-6-0006,260,g,13,Control,M
T105000-6,T105000-6-0006,229,g,6,Control,M
T105000-6,T105000-6-0006,266,g,14,Control,M
T105000-6,T105000-6-0006,240,g,7,Control,M
T105000-6,T105000-6-0006,244,g,8,Control,M
T105000-6,T105000-6-0006,255,g,11,Control,M
T105000-6,T105000-6-0006,269,g,15,Control,M
T105000-6,T105000-6-0024,165,g,-6,Dose group 2,M
T105000-6,T105000-6-0024,199,g,2,Dose group 2,M
T105000-6,T105000-6-0024,201,g,3,Dose group 2,M
T105000-6,T105000-6-0024,210,g,4,Dose group 2,M
T105000-6,T105000-6-0024,199,g,1,Dose group 2,M
T105000-6,T105000-6-0024,276,g,16,Dose group 2,M
T105000-6,T105000-6-0024,243,g,9,Dose group 2,M
T105000-6,T105000-6-0024,279,g,17,Dose group 2,M
T105000-6,T105000-6-0024,289,g,18,Dose group 2,M
T105000-6,T105000-6-0024,309,g,27,Dose group 2,M
T105000-6,T105000-6-0024,246,g,10,Dose group 2,M
T105000-6,T105000-6-0024,293,g,19,Dose group 2,M
T105000-6,T105000-6-0024,292,g,23,Dose group 2,M
T105000-6,T105000-6-0024,319,g,29,Dose group 2,M
T105000-6,T105000-6-0024,304.099,g,29,Dose group 2,M
T105000-6,T105000-6-0024,294,g,20,Dose group 2,M
T105000-6,T105000-6-0024,297,g,24,Dose group 2,M
T105000-6,T105000-6-0024,293,g,21,Dose group 2,M
T105000-6,T105000-6-0024,300,g,25,Dose group 2,M
T105000-6,T105000-6-0024,315,g,28,Dose group 2,M
T105000-6,T105000-6-0024,279,g,22,Dose group 2,M
T105000-6,T105000-6-0024,307,g,26,Dose group 2,M
T105000-6,T105000-6-0024,214,g,5,Dose group 2,M
T105000-6,T105000-6-0024,257,g,12,Dose group 2,M
T105000-6,T105000-6-0024,261,g,13,Dose group 2,M
T105000-6,T105000-6-0024,223,g,6,Dose group 2,M
T105000-6,T105000-6-0024,265,g,14,Dose group 2,M
T105000-6,T105000-6-0024,230,g,7,Dose group 2,M
T105000-6,T105000-6-0024,271,g,15,Dose group 2,M
T105000-6,T105000-6-0024,236,g,8,Dose group 2,M
T105000-6,T105000-6-0024,253,g,11,Dose group 2,M
T105000-6,T105000-6-0043,179,g,1,Control,F
T105000-6,T105000-6-0043,183,g,2,Control,F
T105000-6,T105000-6-0043,184,g,3,Control,F
T105000-6,T105000-6-0043,176,g,4,Control,F
T105000-6,T105000-6-0043,177,g,-6,Control,F
T105000-6,T105000-6-0043,198,g,16,Control,F
T105000-6,T105000-6-0043,196,g,9,Control,F
T105000-6,T105000-6-0043,207,g,17,Control,F
T105000-6,T105000-6-0043,210,g,18,Control,F
T105000-6,T105000-6-0043,210,g,22,Control,F
T105000-6,T105000-6-0043,215,g,27,Control,F
T105000-6,T105000-6-0043,195,g,10,Control,F
T105000-6,T105000-6-0043,209,g,19,Control,F
T105000-6,T105000-6-0043,200,g,23,Control,F
T105000-6,T105000-6-0043,205,g,20,Control,F
T105000-6,T105000-6-0043,202,g,24,Control,F
T105000-6,T105000-6-0043,218,g,29,Control,F
T105000-6,T105000-6-0043,208.818,g,30,Control,F
T105000-6,T105000-6-0043,208,g,21,Control,F
T105000-6,T105000-6-0043,208,g,25,Control,F
T105000-6,T105000-6-0043,206,g,28,Control,F
T105000-6,T105000-6-0043,187,g,5,Control,F
T105000-6,T105000-6-0043,190,g,12,Control,F
T105000-6,T105000-6-0043,210,g,26,Control,F
T105000-6,T105000-6-0043,198,g,13,Control,F
T105000-6,T105000-6-0043,190,g,6,Control,F
T105000-6,T105000-6-0043,194,g,7,Control,F
T105000-6,T105000-6-0043,200,g,14,Control,F
T105000-6,T105000-6-0043,204,g,15,Control,F
T105000-6,T105000-6-0043,186,g,8,Control,F
T105000-6,T105000-6-0043,200,g,11,Control,F
T105000-6,T105000-6-0051,190,g,1,Dose group 1,F
T105000-6,T105000-6-0051,190,g,2,Dose group 1,F
T105000-6,T105000-6-0051,187,g,4,Dose group 1,F
T105000-6,T105000-6-0051,189,g,3,Dose group 1,F
T105000-6,T105000-6-0051,183,g,-6,Dose group 1,F
T105000-6,T105000-6-0051,209,g,11,Dose group 1,F
T105000-6,T105000-6-0051,209,g,15,Dose group 1,F
T105000-6,T105000-6-0051,194,g,8,Dose group 1,F
T105000-6,T105000-6-0051,207,g,16,Dose group 1,F
T105000-6,T105000-6-0051,198,g,9,Dose group 1,F
T105000-6,T105000-6-0051,213,g,17,Dose group 1,F
T105000-6,T105000-6-0051,217,g,18,Dose group 1,F
T105000-6,T105000-6-0051,217,g,22,Dose group 1,F
T105000-6,T105000-6-0051,227,g,27,Dose group 1,F
T105000-6,T105000-6-0051,201,g,10,Dose group 1,F
T105000-6,T105000-6-0051,216,g,19,Dose group 1,F
T105000-6,T105000-6-0051,204,g,23,Dose group 1,F
T105000-6,T105000-6-0051,218,g,28,Dose group 1,F
T105000-6,T105000-6-0051,212,g,20,Dose group 1,F
T105000-6,T105000-6-0051,208,g,24,Dose group 1,F
T105000-6,T105000-6-0051,226,g,29,Dose group 1,F
T105000-6,T105000-6-0051,214.732,g,30,Dose group 1,F
T105000-6,T105000-6-0051,213,g,21,Dose group 1,F
T105000-6,T105000-6-0051,214,g,25,Dose group 1,F
T105000-6,T105000-6-0051,203,g,12,Dose group 1,F
T105000-6,T105000-6-0051,220,g,26,Dose group 1,F
T105000-6,T105000-6-0051,189,g,5,Dose group 1,F
T105000-6,T105000-6-0051,206,g,13,Dose group 1,F
T105000-6,T105000-6-0051,194,g,6,Dose group 1,F
T105000-6,T105000-6-0051,208,g,14,Dose group 1,F
T105000-6,T105000-6-0051,192,g,7,Dose group 1,F
T105000-6,T105000-6-0017,170,g,-6,Dose group 1,M
T105000-6,T105000-6-0017,208,g,2,Dose group 1,M
T105000-6,T105000-6-0017,213,g,3,Dose group 1,M
T105000-6,T105000-6-0017,219,g,4,Dose group 1,M
T105000-6,T105000-6-0017,207,g,1,Dose group 1,M
T105000-6,T105000-6-0017,240,g,9,Dose group 1,M
T105000-6,T105000-6-0017,255,g,16,Dose group 1,M
T105000-6,T105000-6-0017,259,g,17,Dose group 1,M
T105000-6,T105000-6-0017,261,g,18,Dose group 1,M
T105000-6,T105000-6-0017,268,g,27,Dose group 1,M
T105000-6,T105000-6-0017,240,g,10,Dose group 1,M
T105000-6,T105000-6-0017,261,g,19,Dose group 1,M
T105000-6,T105000-6-0017,261,g,23,Dose group 1,M
T105000-6,T105000-6-0017,275,g,29,Dose group 1,M
T105000-6,T105000-6-0017,265.382,g,29,Dose group 1,M
T105000-6,T105000-6-0017,262,g,20,Dose group 1,M
T105000-6,T105000-6-0017,263,g,24,Dose group 1,M
T105000-6,T105000-6-0017,261,g,21,Dose group 1,M
T105000-6,T105000-6-0017,264,g,25,Dose group 1,M
T105000-6,T105000-6-0017,265,g,28,Dose group 1,M
T105000-6,T105000-6-0017,247,g,22,Dose group 1,M
T105000-6,T105000-6-0017,265,g,26,Dose group 1,M
T105000-6,T105000-6-0017,222,g,5,Dose group 1,M
T105000-6,T105000-6-0017,244,g,12,Dose group 1,M
T105000-6,T105000-6-0017,246,g,13,Dose group 1,M
T105000-6,T105000-6-0017,224,g,6,Dose group 1,M
T105000-6,T105000-6-0017,250,g,14,Dose group 1,M
T105000-6,T105000-6-0017,233,g,7,Dose group 1,M
T105000-6,T105000-6-0017,254,g,15,Dose group 1,M
T105000-6,T105000-6-0017,231,g,8,Dose group 1,M
T105000-6,T105000-6-0017,244,g,11,Dose group 1,M
T105000-6,T105000-6-0042,172,g,1,Control,F
T105000-6,T105000-6-0042,175,g,2,Control,F
T105000-6,T105000-6-0042,178,g,3,Control,F
T105000-6,T105000-6-0042,173,g,4,Control,F
T105000-6,T105000-6-0042,170,g,-6,Control,F
T105000-6,T105000-6-0042,188,g,16,Control,F
T105000-6,T105000-6-0042,186,g,9,Control,F
T105000-6,T105000-6-0042,196,g,17,Control,F
T105000-6,T105000-6-0042,198,g,18,Control,F
T105000-6,T105000-6-0042,200,g,22,Control,F
T105000-6,T105000-6-0042,200,g,27,Control,F
T105000-6,T105000-6-0042,189,g,10,Control,F
T105000-6,T105000-6-0042,199,g,19,Control,F
T105000-6,T105000-6-0042,186,g,23,Control,F
T105000-6,T105000-6-0042,199,g,20,Control,F
T105000-6,T105000-6-0042,190,g,24,Control,F
T105000-6,T105000-6-0042,202,g,29,Control,F
T105000-6,T105000-6-0042,195.562,g,30,Control,F
T105000-6,T105000-6-0042,197,g,21,Control,F
T105000-6,T105000-6-0042,196,g,25,Control,F
T105000-6,T105000-6-0042,195,g,28,Control,F
T105000-6,T105000-6-0042,180,g,5,Control,F
T105000-6,T105000-6-0042,185,g,12,Control,F
T105000-6,T105000-6-0042,198,g,26,Control,F
T105000-6,T105000-6-0042,191,g,13,Control,F
T105000-6,T105000-6-0042,182,g,6,Control,F
T105000-6,T105000-6-0042,187,g,7,Control,F
T105000-6,T105000-6-0042,193,g,14,Control,F
T105000-6,T105000-6-0042,195,g,15,Control,F
T105000-6,T105000-6-0042,179,g,8,Control,F
T105000-6,T105000-6-0042,188,g,11,Control,F
T105000-6,T105000-6-0044,176,g,1,Control,F
T105000-6,T105000-6-0044,177,g,2,Control,F
T105000-6,T105000-6-0044,176,g,3,Control,F
T105000-6,T105000-6-0044,172,g,4,Control,F
T105000-6,T105000-6-0044,163,g,-6,Control,F
T105000-6,T105000-6-0044,193,g,16,Control,F
T105000-6,T105000-6-0044,188,g,9,Control,F
T105000-6,T105000-6-0044,204,g,17,Control,F
T105000-6,T105000-6-0044,210,g,18,Control,F
T105000-6,T105000-6-0044,210,g,22,Control,F
T105000-6,T105000-6-0044,213,g,27,Control,F
T105000-6,T105000-6-0044,192,g,10,Control,F
T105000-6,T105000-6-0044,205,g,19,Control,F
T105000-6,T105000-6-0044,193,g,23,Control,F
T105000-6,T105000-6-0044,199,g,20,Control,F
T105000-6,T105000-6-0044,202,g,24,Control,F
T105000-6,T105000-6-0044,204,g,28,Control,F
T105000-6,T105000-6-0044,215,g,29,Control,F
T105000-6,T105000-6-0044,206.057,g,30,Control,F
T105000-6,T105000-6-0044,205,g,21,Control,F
T105000-6,T105000-6-0044,206,g,25,Control,F
T105000-6,T105000-6-0044,191,g,12,Control,F
T105000-6,T105000-6-0044,210,g,26,Control,F
T105000-6,T105000-6-0044,179,g,5,Control,F
T105000-6,T105000-6-0044,195,g,13,Control,F
T105000-6,T105000-6-0044,184,g,6,Control,F
T105000-6,T105000-6-0044,188,g,7,Control,F
T105000-6,T105000-6-0044,203,g,14,Control,F
T105000-6,T105000-6-0044,200,g,15,Control,F
T105000-6,T105000-6-0044,176,g,8,Control,F
T105000-6,T105000-6-0044,195,g,11,Control,F
